-- Reemplaza el dataset de prueba por el snapshot limpio extraido del sheet historico de fichadas.
-- Mapeamos ubicacion_id legacy a UUIDs validos para Supabase.
begin;

delete from public.admin_user_locations;
delete from public.time_entries;
delete from public.employees;
delete from public.locations;

insert into public.locations (id, name, active) values
  ('aaa00000-e29b-41d4-a716-446655440000'::uuid, 'Planta', true),
  ('aaa00001-e29b-41d4-a716-446655440001'::uuid, 'Garage', true);

insert into public.employees (id, dni, first_name, last_name, active, location_id) values
  ('550e8400-e29b-41d4-a716-446655440000'::uuid, '40732253', 'Nahuel', 'Molina', true, 'aaa00000-e29b-41d4-a716-446655440000'::uuid),
  ('550e8400-e29b-41d4-a716-446655440001'::uuid, '95774569', 'Eidith', 'Mejia', true, 'aaa00000-e29b-41d4-a716-446655440000'::uuid),
  ('550e8400-e29b-41d4-a716-446655440002'::uuid, '30711813', 'Roman', 'molina', true, 'aaa00000-e29b-41d4-a716-446655440000'::uuid),
  ('550e8400-e29b-41d4-a716-446655440003'::uuid, '96204757', 'Heber Eliezer Ramones', 'Teran', true, 'aaa00000-e29b-41d4-a716-446655440000'::uuid),
  ('550e8400-e29b-41d4-a716-446655440004'::uuid, '24278387', 'María', 'Gutierrez', true, 'aaa00000-e29b-41d4-a716-446655440000'::uuid);

insert into public.admin_user_locations (admin_user_id, location_id)
select au.id, l.id
from public.admin_users au
cross join public.locations l
where au.active = true
  and au.role in ('super_admin', 'location_admin');

insert into public.time_entries (
  id, employee_id, location_id, event_type, occurred_at, business_date, photo_path, latitude, longitude, device_id, idempotency_key, sync_source, metadata, created_at
) values
  ('770e8400-e29b-41d4-a716-446655440000'::uuid, '550e8400-e29b-41d4-a716-446655440000'::uuid, 'aaa00000-e29b-41d4-a716-446655440000'::uuid, 'START', '2024-03-29 08:30:00'::timestamptz, '2024-03-29'::date, null, -34.6037, -58.3816, null, '770e8400-e29b-41d4-a716-446655440000'::uuid, 'legacy-sheet-import', '{"legacy_photo_url": null, "legacy_tipo": "Inicio de Jornada", "legacy_location_id": "aaa0000-e29b-41d4-a716-446655440000", "import_source": "legacy_sheet_csv"}'::jsonb, '2024-03-29 08:30:00'::timestamptz),
  ('770e8400-e29b-41d4-a716-446655440001'::uuid, '550e8400-e29b-41d4-a716-446655440000'::uuid, 'aaa00000-e29b-41d4-a716-446655440000'::uuid, 'END', '2024-03-29 17:30:00'::timestamptz, '2024-03-29'::date, null, -34.6037, -58.3816, null, '770e8400-e29b-41d4-a716-446655440001'::uuid, 'legacy-sheet-import', '{"legacy_photo_url": null, "legacy_tipo": "Fin de jornada", "legacy_location_id": "aaa0000-e29b-41d4-a716-446655440000", "import_source": "legacy_sheet_csv"}'::jsonb, '2024-03-29 17:30:00'::timestamptz),
  ('770e8400-e29b-41d4-a716-446655440002'::uuid, '550e8400-e29b-41d4-a716-446655440001'::uuid, 'aaa00001-e29b-41d4-a716-446655440001'::uuid, 'START', '2024-03-29 07:15:00'::timestamptz, '2024-03-29'::date, null, -34.5957, -58.4051, null, '770e8400-e29b-41d4-a716-446655440002'::uuid, 'legacy-sheet-import', '{"legacy_photo_url": null, "legacy_tipo": "Inicio de Jornada", "legacy_location_id": "aaa0000-e29b-41d4-a716-446655440001", "import_source": "legacy_sheet_csv"}'::jsonb, '2024-03-29 07:15:00'::timestamptz),
  ('85affb84-16f7-4bec-9d2d-38eb3733a212'::uuid, '550e8400-e29b-41d4-a716-446655440002'::uuid, 'aaa00000-e29b-41d4-a716-446655440000'::uuid, 'START', '2026-04-02 09:22:34'::timestamptz, '2026-04-02'::date, null, null, null, null, '85affb84-16f7-4bec-9d2d-38eb3733a212'::uuid, 'legacy-sheet-import', '{"legacy_photo_url": null, "legacy_tipo": "Inicio de Jornada", "legacy_location_id": "aaa0000-e29b-41d4-a716-446655440000", "import_source": "legacy_sheet_csv"}'::jsonb, '2026-04-02 09:22:34'::timestamptz),
  ('96f228f5-4d00-471f-872e-617959256d2b'::uuid, '550e8400-e29b-41d4-a716-446655440001'::uuid, 'aaa00000-e29b-41d4-a716-446655440000'::uuid, 'START', '2026-04-02 09:25:07'::timestamptz, '2026-04-02'::date, null, null, null, null, '96f228f5-4d00-471f-872e-617959256d2b'::uuid, 'legacy-sheet-import', '{"legacy_photo_url": "https://drive.google.com/file/d/14IJVoMPwZ-NSnYSjpSC-6mY8o_Py3YS1/view?usp=drivesdk", "legacy_tipo": "Inicio de Jornada", "legacy_location_id": "aaa0000-e29b-41d4-a716-446655440000", "import_source": "legacy_sheet_csv"}'::jsonb, '2026-04-02 09:25:07'::timestamptz),
  ('4fba2e01-e64c-4459-a381-966f0d116b09'::uuid, '550e8400-e29b-41d4-a716-446655440002'::uuid, 'aaa00000-e29b-41d4-a716-446655440000'::uuid, 'END', '2026-04-02 10:15:49'::timestamptz, '2026-04-02'::date, null, null, null, null, '4fba2e01-e64c-4459-a381-966f0d116b09'::uuid, 'legacy-sheet-import', '{"legacy_photo_url": "https://drive.google.com/file/d/1ALScRZm1B8kVbLD0l93NcqJAV4tus0eL/view?usp=drivesdk", "legacy_tipo": "Fin de Jornada", "legacy_location_id": "aaa0000-e29b-41d4-a716-446655440000", "import_source": "legacy_sheet_csv"}'::jsonb, '2026-04-02 10:15:49'::timestamptz),
  ('c6fc83a0-e3d1-4e83-b67a-df7a1d9c1061'::uuid, '550e8400-e29b-41d4-a716-446655440001'::uuid, 'aaa00000-e29b-41d4-a716-446655440000'::uuid, 'START', '2026-04-03 07:29:12'::timestamptz, '2026-04-03'::date, null, null, null, null, 'c6fc83a0-e3d1-4e83-b67a-df7a1d9c1061'::uuid, 'legacy-sheet-import', '{"legacy_photo_url": "https://drive.google.com/file/d/1KuKI7PH2fwh8XY8B5CUOC2L_jop1-MJF/view?usp=drivesdk", "legacy_tipo": "Inicio de Jornada", "legacy_location_id": "aaa0000-e29b-41d4-a716-446655440000", "import_source": "legacy_sheet_csv"}'::jsonb, '2026-04-03 07:29:12'::timestamptz),
  ('b33ca16c-bcf0-4f8c-822c-5d4eec7216ea'::uuid, '550e8400-e29b-41d4-a716-446655440000'::uuid, 'aaa00000-e29b-41d4-a716-446655440000'::uuid, 'START', '2026-04-03 10:15:04'::timestamptz, '2026-04-03'::date, null, null, null, null, 'b33ca16c-bcf0-4f8c-822c-5d4eec7216ea'::uuid, 'legacy-sheet-import', '{"legacy_photo_url": "https://drive.google.com/file/d/1pfavsBRoKC6CyXV-K7wrUQXd1KqaaoYn/view?usp=drivesdk", "legacy_tipo": "Inicio de Jornada", "legacy_location_id": "aaa0000-e29b-41d4-a716-446655440000", "import_source": "legacy_sheet_csv"}'::jsonb, '2026-04-03 10:15:04'::timestamptz),
  ('4852af44-f90f-4026-a6ed-ad0cfb047581'::uuid, '550e8400-e29b-41d4-a716-446655440001'::uuid, 'aaa00000-e29b-41d4-a716-446655440000'::uuid, 'END', '2026-04-03 15:56:09'::timestamptz, '2026-04-03'::date, null, null, null, null, '4852af44-f90f-4026-a6ed-ad0cfb047581'::uuid, 'legacy-sheet-import', '{"legacy_photo_url": "https://drive.google.com/file/d/1M8KHkRSPVX9LzH6GILfzN3VlVLnq5lsD/view?usp=drivesdk", "legacy_tipo": "Fin de Jornada", "legacy_location_id": "aaa0000-e29b-41d4-a716-446655440000", "import_source": "legacy_sheet_csv"}'::jsonb, '2026-04-03 15:56:09'::timestamptz),
  ('e751735a-b620-4f4e-b31b-b21a6e03203e'::uuid, '550e8400-e29b-41d4-a716-446655440000'::uuid, 'aaa00000-e29b-41d4-a716-446655440000'::uuid, 'START', '2026-04-04 11:00:29'::timestamptz, '2026-04-04'::date, null, null, null, null, 'e751735a-b620-4f4e-b31b-b21a6e03203e'::uuid, 'legacy-sheet-import', '{"legacy_photo_url": "https://drive.google.com/file/d/1T407Q7TrPSUo5UYLegbGrBrCS5JFyGRP/view?usp=drivesdk", "legacy_tipo": "Inicio de Jornada", "legacy_location_id": "aaa0000-e29b-41d4-a716-446655440000", "import_source": "legacy_sheet_csv"}'::jsonb, '2026-04-04 11:00:29'::timestamptz),
  ('02336836-2a06-4067-ad1f-65537dce7bca'::uuid, '550e8400-e29b-41d4-a716-446655440001'::uuid, 'aaa00000-e29b-41d4-a716-446655440000'::uuid, 'START', '2026-04-06 07:36:12'::timestamptz, '2026-04-06'::date, null, null, null, null, '02336836-2a06-4067-ad1f-65537dce7bca'::uuid, 'legacy-sheet-import', '{"legacy_photo_url": "https://drive.google.com/file/d/1bqC7VA45quvAxicPGYW6YNT3FrLhNarV/view?usp=drivesdk", "legacy_tipo": "Inicio de Jornada", "legacy_location_id": "aaa0000-e29b-41d4-a716-446655440000", "import_source": "legacy_sheet_csv"}'::jsonb, '2026-04-06 07:36:12'::timestamptz),
  ('6acdf6a3-eae9-4846-af97-c0a152152eb8'::uuid, '550e8400-e29b-41d4-a716-446655440000'::uuid, 'aaa00000-e29b-41d4-a716-446655440000'::uuid, 'START', '2026-04-06 11:46:34'::timestamptz, '2026-04-06'::date, null, null, null, null, '6acdf6a3-eae9-4846-af97-c0a152152eb8'::uuid, 'legacy-sheet-import', '{"legacy_photo_url": "https://drive.google.com/file/d/1fQ_48rl6ryFYQZHlwDK8CHUv-Gy6IjTy/view?usp=drivesdk", "legacy_tipo": "Inicio de Jornada", "legacy_location_id": "aaa0000-e29b-41d4-a716-446655440000", "import_source": "legacy_sheet_csv"}'::jsonb, '2026-04-06 11:46:34'::timestamptz),
  ('4397137c-87d2-4703-b114-b830288f10ff'::uuid, '550e8400-e29b-41d4-a716-446655440002'::uuid, 'aaa00000-e29b-41d4-a716-446655440000'::uuid, 'START', '2026-04-06 11:47:04'::timestamptz, '2026-04-06'::date, null, null, null, null, '4397137c-87d2-4703-b114-b830288f10ff'::uuid, 'legacy-sheet-import', '{"legacy_photo_url": "https://drive.google.com/file/d/1uEJ0rT1IB0UMx5CokVFRU2NSQGNVo_rZ/view?usp=drivesdk", "legacy_tipo": "Inicio de Jornada", "legacy_location_id": "aaa0000-e29b-41d4-a716-446655440000", "import_source": "legacy_sheet_csv"}'::jsonb, '2026-04-06 11:47:04'::timestamptz),
  ('5b6b1804-8b6a-463d-b920-7b30435e0dc9'::uuid, '550e8400-e29b-41d4-a716-446655440001'::uuid, 'aaa00000-e29b-41d4-a716-446655440000'::uuid, 'END', '2026-04-06 15:40:07'::timestamptz, '2026-04-06'::date, null, null, null, null, '5b6b1804-8b6a-463d-b920-7b30435e0dc9'::uuid, 'legacy-sheet-import', '{"legacy_photo_url": "https://drive.google.com/file/d/1ZtCnTudbX9qdCzTavgALmGHyFMCFzJr4/view?usp=drivesdk", "legacy_tipo": "Fin de Jornada", "legacy_location_id": "aaa0000-e29b-41d4-a716-446655440000", "import_source": "legacy_sheet_csv"}'::jsonb, '2026-04-06 15:40:07'::timestamptz),
  ('b9756e4b-0d5c-4602-b437-78cd772b1748'::uuid, '550e8400-e29b-41d4-a716-446655440000'::uuid, 'aaa00000-e29b-41d4-a716-446655440000'::uuid, 'START', '2026-04-06 19:02:22'::timestamptz, '2026-04-06'::date, null, null, null, null, 'b9756e4b-0d5c-4602-b437-78cd772b1748'::uuid, 'legacy-sheet-import', '{"legacy_photo_url": "https://drive.google.com/file/d/1G9s7hFhVXjz90LvDswoePQ6Jhzj01HAN/view?usp=drivesdk", "legacy_tipo": "Inicio de Jornada", "legacy_location_id": "aaa0000-e29b-41d4-a716-446655440000", "import_source": "legacy_sheet_csv"}'::jsonb, '2026-04-06 19:02:22'::timestamptz),
  ('3452fdd2-51bd-4905-9aed-ac0cab2f4ab8'::uuid, '550e8400-e29b-41d4-a716-446655440000'::uuid, 'aaa00000-e29b-41d4-a716-446655440000'::uuid, 'END', '2026-04-06 19:03:33'::timestamptz, '2026-04-06'::date, null, null, null, null, '3452fdd2-51bd-4905-9aed-ac0cab2f4ab8'::uuid, 'legacy-sheet-import', '{"legacy_photo_url": "https://drive.google.com/file/d/1TEvVB0m_G6D63jIB5gQpNKg2tAsWu6Nb/view?usp=drivesdk", "legacy_tipo": "Fin de Jornada", "legacy_location_id": "aaa0000-e29b-41d4-a716-446655440000", "import_source": "legacy_sheet_csv"}'::jsonb, '2026-04-06 19:03:33'::timestamptz),
  ('f95518f3-17de-426d-8c65-99a6c9d9063d'::uuid, '550e8400-e29b-41d4-a716-446655440001'::uuid, 'aaa00000-e29b-41d4-a716-446655440000'::uuid, 'START', '2026-04-07 07:25:17'::timestamptz, '2026-04-07'::date, null, null, null, null, 'f95518f3-17de-426d-8c65-99a6c9d9063d'::uuid, 'legacy-sheet-import', '{"legacy_photo_url": "https://drive.google.com/file/d/19JVj9lVLjTmxDrxFObWLu9vq9oBoLD0B/view?usp=drivesdk", "legacy_tipo": "Inicio de Jornada", "legacy_location_id": "aaa0000-e29b-41d4-a716-446655440000", "import_source": "legacy_sheet_csv"}'::jsonb, '2026-04-07 07:25:17'::timestamptz),
  ('fa3546ce-bfae-4c5f-b72b-84412032e5fc'::uuid, '550e8400-e29b-41d4-a716-446655440000'::uuid, 'aaa00000-e29b-41d4-a716-446655440000'::uuid, 'START', '2026-04-07 10:28:00'::timestamptz, '2026-04-07'::date, null, null, null, null, 'fa3546ce-bfae-4c5f-b72b-84412032e5fc'::uuid, 'legacy-sheet-import', '{"legacy_photo_url": "https://drive.google.com/file/d/12T36IckZru5NoI1wDD2NK2f2Cp2kgzBM/view?usp=drivesdk", "legacy_tipo": "Inicio de Jornada", "legacy_location_id": "aaa0000-e29b-41d4-a716-446655440000", "import_source": "legacy_sheet_csv"}'::jsonb, '2026-04-07 10:28:00'::timestamptz),
  ('18ccb88b-a4b3-478d-bb23-57b5d30226f0'::uuid, '550e8400-e29b-41d4-a716-446655440000'::uuid, 'aaa00000-e29b-41d4-a716-446655440000'::uuid, 'END', '2026-04-07 17:25:07'::timestamptz, '2026-04-07'::date, null, null, null, null, '18ccb88b-a4b3-478d-bb23-57b5d30226f0'::uuid, 'legacy-sheet-import', '{"legacy_photo_url": "https://drive.google.com/file/d/1WYtDOtf447zyd_8VX2iG2SIMzpQc4zzF/view?usp=drivesdk", "legacy_tipo": "Fin de Jornada", "legacy_location_id": "aaa0000-e29b-41d4-a716-446655440000", "import_source": "legacy_sheet_csv"}'::jsonb, '2026-04-07 17:25:07'::timestamptz),
  ('bd87d869-8e06-4357-8428-089308fbbb4b'::uuid, '550e8400-e29b-41d4-a716-446655440001'::uuid, 'aaa00000-e29b-41d4-a716-446655440000'::uuid, 'START', '2026-04-08 07:20:24'::timestamptz, '2026-04-08'::date, null, null, null, null, 'bd87d869-8e06-4357-8428-089308fbbb4b'::uuid, 'legacy-sheet-import', '{"legacy_photo_url": "https://drive.google.com/file/d/1CgXIswHADCIMg7OGdPT7ZfhnGMM8OI4C/view?usp=drivesdk", "legacy_tipo": "Inicio de Jornada", "legacy_location_id": "aaa0000-e29b-41d4-a716-446655440000", "import_source": "legacy_sheet_csv"}'::jsonb, '2026-04-08 07:20:24'::timestamptz),
  ('ed4d3f0f-0d22-4e7c-8ea8-1a9f3db4f247'::uuid, '550e8400-e29b-41d4-a716-446655440001'::uuid, 'aaa00000-e29b-41d4-a716-446655440000'::uuid, 'END', '2026-04-08 15:44:58'::timestamptz, '2026-04-08'::date, null, null, null, null, 'ed4d3f0f-0d22-4e7c-8ea8-1a9f3db4f247'::uuid, 'legacy-sheet-import', '{"legacy_photo_url": "https://drive.google.com/file/d/1BQRHj4772YaFaKR3B6trm-mosXf1_Fo6/view?usp=drivesdk", "legacy_tipo": "Fin de Jornada", "legacy_location_id": "aaa0000-e29b-41d4-a716-446655440000", "import_source": "legacy_sheet_csv"}'::jsonb, '2026-04-08 15:44:58'::timestamptz),
  ('dd9ad98c-ecb5-4c79-81ab-19ae9214368d'::uuid, '550e8400-e29b-41d4-a716-446655440001'::uuid, 'aaa00000-e29b-41d4-a716-446655440000'::uuid, 'END', '2026-04-09 07:24:01'::timestamptz, '2026-04-09'::date, null, null, null, null, 'dd9ad98c-ecb5-4c79-81ab-19ae9214368d'::uuid, 'legacy-sheet-import', '{"legacy_photo_url": "https://drive.google.com/file/d/1OjvU1pXt2A0_-cOamJfQuoBqdxbeLS3Q/view?usp=drivesdk", "legacy_tipo": "Fin de Jornada", "legacy_location_id": "aaa0000-e29b-41d4-a716-446655440000", "import_source": "legacy_sheet_csv"}'::jsonb, '2026-04-09 07:24:01'::timestamptz),
  ('6fba3e7d-cc05-4f02-9793-f031ba9ce549'::uuid, '550e8400-e29b-41d4-a716-446655440001'::uuid, 'aaa00000-e29b-41d4-a716-446655440000'::uuid, 'START', '2026-04-09 07:26:47'::timestamptz, '2026-04-09'::date, null, null, null, null, '6fba3e7d-cc05-4f02-9793-f031ba9ce549'::uuid, 'legacy-sheet-import', '{"legacy_photo_url": "https://drive.google.com/file/d/143OkvEbUTMpLnbEcbyECHdvWp1FcWZrx/view?usp=drivesdk", "legacy_tipo": "Inicio de Jornada", "legacy_location_id": "aaa0000-e29b-41d4-a716-446655440000", "import_source": "legacy_sheet_csv"}'::jsonb, '2026-04-09 07:26:47'::timestamptz),
  ('1f0f5d0c-c336-4116-a123-d4c93806d3b9'::uuid, '550e8400-e29b-41d4-a716-446655440000'::uuid, 'aaa00000-e29b-41d4-a716-446655440000'::uuid, 'START', '2026-04-09 09:47:43'::timestamptz, '2026-04-09'::date, null, null, null, null, '1f0f5d0c-c336-4116-a123-d4c93806d3b9'::uuid, 'legacy-sheet-import', '{"legacy_photo_url": "https://drive.google.com/file/d/15XYjjZjQoEA-A9GdqHFFMMfQPqG4cD4F/view?usp=drivesdk", "legacy_tipo": "Inicio de Jornada", "legacy_location_id": "aaa0000-e29b-41d4-a716-446655440000", "import_source": "legacy_sheet_csv"}'::jsonb, '2026-04-09 09:47:43'::timestamptz),
  ('78f6beb9-4469-4b67-9fc0-646b20336730'::uuid, '550e8400-e29b-41d4-a716-446655440000'::uuid, 'aaa00000-e29b-41d4-a716-446655440000'::uuid, 'START', '2026-04-09 09:48:32'::timestamptz, '2026-04-09'::date, null, null, null, null, '78f6beb9-4469-4b67-9fc0-646b20336730'::uuid, 'legacy-sheet-import', '{"legacy_photo_url": "https://drive.google.com/file/d/1znuSE6QzhsfGb0IFigoMah8lrQyvUOQc/view?usp=drivesdk", "legacy_tipo": "Inicio de Jornada", "legacy_location_id": "aaa0000-e29b-41d4-a716-446655440000", "import_source": "legacy_sheet_csv"}'::jsonb, '2026-04-09 09:48:32'::timestamptz),
  ('26ef4ae0-337e-4f62-ba9a-3115dbbd042c'::uuid, '550e8400-e29b-41d4-a716-446655440000'::uuid, 'aaa00000-e29b-41d4-a716-446655440000'::uuid, 'START', '2026-04-09 09:48:57'::timestamptz, '2026-04-09'::date, null, null, null, null, '26ef4ae0-337e-4f62-ba9a-3115dbbd042c'::uuid, 'legacy-sheet-import', '{"legacy_photo_url": "https://drive.google.com/file/d/1j5JosSQr6s0dkHuOQtWFadsbrrC9TDJl/view?usp=drivesdk", "legacy_tipo": "Inicio de Jornada", "legacy_location_id": "aaa0000-e29b-41d4-a716-446655440000", "import_source": "legacy_sheet_csv"}'::jsonb, '2026-04-09 09:48:57'::timestamptz),
  ('3eb13dae-f9c5-4610-9c47-e501ef91ea5e'::uuid, '550e8400-e29b-41d4-a716-446655440001'::uuid, 'aaa00000-e29b-41d4-a716-446655440000'::uuid, 'END', '2026-04-09 15:43:55'::timestamptz, '2026-04-09'::date, null, null, null, null, '3eb13dae-f9c5-4610-9c47-e501ef91ea5e'::uuid, 'legacy-sheet-import', '{"legacy_photo_url": "https://drive.google.com/file/d/1S64wQOHALGy_Tex0uY5G2bt16Pk7KNpw/view?usp=drivesdk", "legacy_tipo": "Fin de Jornada", "legacy_location_id": "aaa0000-e29b-41d4-a716-446655440000", "import_source": "legacy_sheet_csv"}'::jsonb, '2026-04-09 15:43:55'::timestamptz),
  ('a822b859-a077-4740-b106-bddcdb76e060'::uuid, '550e8400-e29b-41d4-a716-446655440001'::uuid, 'aaa00000-e29b-41d4-a716-446655440000'::uuid, 'END', '2026-04-09 17:04:55'::timestamptz, '2026-04-09'::date, null, null, null, null, 'a822b859-a077-4740-b106-bddcdb76e060'::uuid, 'legacy-sheet-import', '{"legacy_photo_url": "https://drive.google.com/file/d/1tSk-mzfr5OHOremEc_sg9QYd3csltYcQ/view?usp=drivesdk", "legacy_tipo": "Fin de Jornada", "legacy_location_id": "aaa0000-e29b-41d4-a716-446655440000", "import_source": "legacy_sheet_csv"}'::jsonb, '2026-04-09 17:04:55'::timestamptz),
  ('64eecbde-c6c0-4a22-b431-bfa21b0b9f6f'::uuid, '550e8400-e29b-41d4-a716-446655440001'::uuid, 'aaa00000-e29b-41d4-a716-446655440000'::uuid, 'END', '2026-04-10 08:14:03'::timestamptz, '2026-04-10'::date, null, null, null, null, '64eecbde-c6c0-4a22-b431-bfa21b0b9f6f'::uuid, 'legacy-sheet-import', '{"legacy_photo_url": "https://drive.google.com/file/d/10n3RuTWOEWIUeg86M2svthHbkG_iGYg9/view?usp=drivesdk", "legacy_tipo": "Fin de Jornada", "legacy_location_id": "aaa0000-e29b-41d4-a716-446655440000", "import_source": "legacy_sheet_csv"}'::jsonb, '2026-04-10 08:14:03'::timestamptz),
  ('ed8ae3ec-ee04-44ae-968b-6d45d58bb3ee'::uuid, '550e8400-e29b-41d4-a716-446655440000'::uuid, 'aaa00000-e29b-41d4-a716-446655440000'::uuid, 'END', '2026-04-10 08:14:15'::timestamptz, '2026-04-10'::date, null, null, null, null, 'ed8ae3ec-ee04-44ae-968b-6d45d58bb3ee'::uuid, 'legacy-sheet-import', '{"legacy_photo_url": "https://drive.google.com/file/d/1Bapqy0JbZ9F9yPlTQYQmyY9gUfnEV1ob/view?usp=drivesdk", "legacy_tipo": "Fin de Jornada", "legacy_location_id": "aaa0000-e29b-41d4-a716-446655440000", "import_source": "legacy_sheet_csv"}'::jsonb, '2026-04-10 08:14:15'::timestamptz),
  ('b626ca13-311e-4a11-95a7-47ed9540682a'::uuid, '550e8400-e29b-41d4-a716-446655440001'::uuid, 'aaa00000-e29b-41d4-a716-446655440000'::uuid, 'START', '2026-04-10 08:14:35'::timestamptz, '2026-04-10'::date, null, null, null, null, 'b626ca13-311e-4a11-95a7-47ed9540682a'::uuid, 'legacy-sheet-import', '{"legacy_photo_url": "https://drive.google.com/file/d/1XcW1YbZE_VlfNxgcZl2LbV-WUpYauav2/view?usp=drivesdk", "legacy_tipo": "Inicio de Jornada", "legacy_location_id": "aaa0000-e29b-41d4-a716-446655440000", "import_source": "legacy_sheet_csv"}'::jsonb, '2026-04-10 08:14:35'::timestamptz),
  ('cab4bd0a-2297-4375-94f6-aaf2a820f92a'::uuid, '550e8400-e29b-41d4-a716-446655440002'::uuid, 'aaa00000-e29b-41d4-a716-446655440000'::uuid, 'START', '2026-04-10 09:36:37'::timestamptz, '2026-04-10'::date, null, null, null, null, 'cab4bd0a-2297-4375-94f6-aaf2a820f92a'::uuid, 'legacy-sheet-import', '{"legacy_photo_url": "https://drive.google.com/file/d/1vqO608I98qTjx_IPxfUqHf3XIvTUoTTx/view?usp=drivesdk", "legacy_tipo": "Inicio de Jornada", "legacy_location_id": "aaa0000-e29b-41d4-a716-446655440000", "import_source": "legacy_sheet_csv"}'::jsonb, '2026-04-10 09:36:37'::timestamptz),
  ('5aa05618-d743-453e-83e0-db42f47e4304'::uuid, '550e8400-e29b-41d4-a716-446655440002'::uuid, 'aaa00000-e29b-41d4-a716-446655440000'::uuid, 'END', '2026-04-10 13:05:47'::timestamptz, '2026-04-10'::date, null, null, null, null, '5aa05618-d743-453e-83e0-db42f47e4304'::uuid, 'legacy-sheet-import', '{"legacy_photo_url": "https://drive.google.com/file/d/1DlupNsmyA-7L0o6IY3K0q3CtaQBK0uFV/view?usp=drivesdk", "legacy_tipo": "Fin de Jornada", "legacy_location_id": "aaa0000-e29b-41d4-a716-446655440000", "import_source": "legacy_sheet_csv"}'::jsonb, '2026-04-10 13:05:47'::timestamptz),
  ('e4efcd82-c3ca-47f0-9e0c-639c92bba9cc'::uuid, '550e8400-e29b-41d4-a716-446655440000'::uuid, 'aaa00000-e29b-41d4-a716-446655440000'::uuid, 'START', '2026-04-10 13:08:54'::timestamptz, '2026-04-10'::date, null, null, null, null, 'e4efcd82-c3ca-47f0-9e0c-639c92bba9cc'::uuid, 'legacy-sheet-import', '{"legacy_photo_url": "https://drive.google.com/file/d/1VFivYNrJT2g3a_zjeT8jktpM2RdTZ2b9/view?usp=drivesdk", "legacy_tipo": "Inicio de Jornada", "legacy_location_id": "aaa0000-e29b-41d4-a716-446655440000", "import_source": "legacy_sheet_csv"}'::jsonb, '2026-04-10 13:08:54'::timestamptz),
  ('c7daa6b8-7e85-4b29-b129-25a495707a57'::uuid, '550e8400-e29b-41d4-a716-446655440000'::uuid, 'aaa00000-e29b-41d4-a716-446655440000'::uuid, 'END', '2026-04-10 16:16:09'::timestamptz, '2026-04-10'::date, null, null, null, null, 'c7daa6b8-7e85-4b29-b129-25a495707a57'::uuid, 'legacy-sheet-import', '{"legacy_photo_url": "https://drive.google.com/file/d/1yzJmfUh-_u6IEuaOYlL4o-zja_xYu9OI/view?usp=drivesdk", "legacy_tipo": "Fin de Jornada", "legacy_location_id": "aaa0000-e29b-41d4-a716-446655440000", "import_source": "legacy_sheet_csv"}'::jsonb, '2026-04-10 16:16:09'::timestamptz),
  ('2a0b9c40-e892-46b6-9c80-b6ae2c31ddd6'::uuid, '550e8400-e29b-41d4-a716-446655440001'::uuid, 'aaa00000-e29b-41d4-a716-446655440000'::uuid, 'END', '2026-04-10 16:20:26'::timestamptz, '2026-04-10'::date, null, null, null, null, '2a0b9c40-e892-46b6-9c80-b6ae2c31ddd6'::uuid, 'legacy-sheet-import', '{"legacy_photo_url": "https://drive.google.com/file/d/1y8NsxRBkSVq1lxuJUFku_ytdxE5LUSAy/view?usp=drivesdk", "legacy_tipo": "Fin de Jornada", "legacy_location_id": "aaa0000-e29b-41d4-a716-446655440000", "import_source": "legacy_sheet_csv"}'::jsonb, '2026-04-10 16:20:26'::timestamptz),
  ('73acd70f-7f6e-4719-9ec4-874dd49353d2'::uuid, '550e8400-e29b-41d4-a716-446655440001'::uuid, 'aaa00000-e29b-41d4-a716-446655440000'::uuid, 'START', '2026-04-13 07:21:21'::timestamptz, '2026-04-13'::date, null, null, null, null, '73acd70f-7f6e-4719-9ec4-874dd49353d2'::uuid, 'legacy-sheet-import', '{"legacy_photo_url": "https://drive.google.com/file/d/1_d4ZezwhVZXgH6WyGhD12UcrByFmD20l/view?usp=drivesdk", "legacy_tipo": "Inicio de Jornada", "legacy_location_id": "aaa0000-e29b-41d4-a716-446655440000", "import_source": "legacy_sheet_csv"}'::jsonb, '2026-04-13 07:21:21'::timestamptz),
  ('ac79df68-06ff-421b-bd5d-43f284d568d2'::uuid, '550e8400-e29b-41d4-a716-446655440001'::uuid, 'aaa00000-e29b-41d4-a716-446655440000'::uuid, 'START', '2026-04-13 11:34:16'::timestamptz, '2026-04-13'::date, null, null, null, null, 'ac79df68-06ff-421b-bd5d-43f284d568d2'::uuid, 'legacy-sheet-import', '{"legacy_photo_url": "https://drive.google.com/file/d/1mtdGP9jbosgJe5ZNsTx6mg1SJSCpreTm/view?usp=drivesdk", "legacy_tipo": "Inicio de Jornada", "legacy_location_id": "aaa0000-e29b-41d4-a716-446655440000", "import_source": "legacy_sheet_csv"}'::jsonb, '2026-04-13 11:34:16'::timestamptz),
  ('e80b253f-cc2d-4451-8351-c3152dbcfaec'::uuid, '550e8400-e29b-41d4-a716-446655440000'::uuid, 'aaa00000-e29b-41d4-a716-446655440000'::uuid, 'START', '2026-04-13 11:34:30'::timestamptz, '2026-04-13'::date, null, null, null, null, 'e80b253f-cc2d-4451-8351-c3152dbcfaec'::uuid, 'legacy-sheet-import', '{"legacy_photo_url": "https://drive.google.com/file/d/1yskXm9aBH0KgAxGG5v0xM2XkMKSVkig1/view?usp=drivesdk", "legacy_tipo": "Inicio de Jornada", "legacy_location_id": "aaa0000-e29b-41d4-a716-446655440000", "import_source": "legacy_sheet_csv"}'::jsonb, '2026-04-13 11:34:30'::timestamptz),
  ('3c9e81dc-1bbf-45ef-8511-86171c51137f'::uuid, '550e8400-e29b-41d4-a716-446655440001'::uuid, 'aaa00000-e29b-41d4-a716-446655440000'::uuid, 'END', '2026-04-13 15:33:40'::timestamptz, '2026-04-13'::date, null, null, null, null, '3c9e81dc-1bbf-45ef-8511-86171c51137f'::uuid, 'legacy-sheet-import', '{"legacy_photo_url": "https://drive.google.com/file/d/1IUTtukrzS5PYlv9Oect5jN5s2ANZkDWq/view?usp=drivesdk", "legacy_tipo": "Fin de Jornada", "legacy_location_id": "aaa0000-e29b-41d4-a716-446655440000", "import_source": "legacy_sheet_csv"}'::jsonb, '2026-04-13 15:33:40'::timestamptz),
  ('6ccf5245-b290-4de7-ada9-cd42a71052bf'::uuid, '550e8400-e29b-41d4-a716-446655440000'::uuid, 'aaa00000-e29b-41d4-a716-446655440000'::uuid, 'END', '2026-04-13 17:34:45'::timestamptz, '2026-04-13'::date, null, -34.63043948, -58.4413954, null, '6ccf5245-b290-4de7-ada9-cd42a71052bf'::uuid, 'legacy-sheet-import', '{"legacy_photo_url": "https://drive.google.com/file/d/1i2Je3eU-285BcrK5cCmxfxG95wty120J/view?usp=drivesdk", "legacy_tipo": "Fin de Jornada", "legacy_location_id": "aaa0000-e29b-41d4-a716-446655440000", "import_source": "legacy_sheet_csv"}'::jsonb, '2026-04-13 17:34:45'::timestamptz),
  ('ad1a071c-4d34-45ca-9e3c-06dce64c34c4'::uuid, '550e8400-e29b-41d4-a716-446655440000'::uuid, 'aaa00000-e29b-41d4-a716-446655440000'::uuid, 'START', '2026-04-14 10:14:49'::timestamptz, '2026-04-14'::date, null, null, null, null, 'ad1a071c-4d34-45ca-9e3c-06dce64c34c4'::uuid, 'legacy-sheet-import', '{"legacy_photo_url": "https://drive.google.com/file/d/1DoafHarvRMMCZDD17dQwydIv0eksXtLh/view?usp=drivesdk", "legacy_tipo": "Inicio de Jornada", "legacy_location_id": "aaa0000-e29b-41d4-a716-446655440000", "import_source": "legacy_sheet_csv"}'::jsonb, '2026-04-14 10:14:49'::timestamptz),
  ('c8037d83-5912-4eeb-ae55-2eb6741bba02'::uuid, '550e8400-e29b-41d4-a716-446655440001'::uuid, 'aaa00000-e29b-41d4-a716-446655440000'::uuid, 'START', '2026-04-15 07:22:30'::timestamptz, '2026-04-15'::date, null, null, null, null, 'c8037d83-5912-4eeb-ae55-2eb6741bba02'::uuid, 'legacy-sheet-import', '{"legacy_photo_url": "https://drive.google.com/file/d/1QwtbYqcEJo5FUBZhWKE9LvyZRggnZ6L4/view?usp=drivesdk", "legacy_tipo": "Inicio de Jornada", "legacy_location_id": "aaa0000-e29b-41d4-a716-446655440000", "import_source": "legacy_sheet_csv"}'::jsonb, '2026-04-15 07:22:30'::timestamptz),
  ('db1c5cd4-bee9-4c29-a945-49cdfc38ac3e'::uuid, '550e8400-e29b-41d4-a716-446655440001'::uuid, 'aaa00000-e29b-41d4-a716-446655440000'::uuid, 'START', '2026-04-15 11:22:44'::timestamptz, '2026-04-15'::date, null, null, null, null, 'db1c5cd4-bee9-4c29-a945-49cdfc38ac3e'::uuid, 'legacy-sheet-import', '{"legacy_photo_url": "https://drive.google.com/file/d/15QL1FJCcKh1gt8RUnRmnibgzfx5wxt0j/view?usp=drivesdk", "legacy_tipo": "Inicio de Jornada", "legacy_location_id": "aaa0000-e29b-41d4-a716-446655440000", "import_source": "legacy_sheet_csv"}'::jsonb, '2026-04-15 11:22:44'::timestamptz),
  ('11f8dfa1-5738-4153-8062-9abbff2de9a1'::uuid, '550e8400-e29b-41d4-a716-446655440000'::uuid, 'aaa00000-e29b-41d4-a716-446655440000'::uuid, 'START', '2026-04-15 11:23:05'::timestamptz, '2026-04-15'::date, null, null, null, null, '11f8dfa1-5738-4153-8062-9abbff2de9a1'::uuid, 'legacy-sheet-import', '{"legacy_photo_url": "https://drive.google.com/file/d/1ocAaIqg-CwseSZar9_xsTA4gVLq6ttx7/view?usp=drivesdk", "legacy_tipo": "Inicio de Jornada", "legacy_location_id": "aaa0000-e29b-41d4-a716-446655440000", "import_source": "legacy_sheet_csv"}'::jsonb, '2026-04-15 11:23:05'::timestamptz),
  ('51c13c64-f1c5-492a-90d8-da0918e1f2b4'::uuid, '550e8400-e29b-41d4-a716-446655440000'::uuid, 'aaa00000-e29b-41d4-a716-446655440000'::uuid, 'END', '2026-04-15 15:24:16'::timestamptz, '2026-04-15'::date, null, null, null, null, '51c13c64-f1c5-492a-90d8-da0918e1f2b4'::uuid, 'legacy-sheet-import', '{"legacy_photo_url": "https://drive.google.com/file/d/1dQIFcATAwvo-qLaeBamx5VJs2BG_u2iU/view?usp=drivesdk", "legacy_tipo": "Fin de Jornada", "legacy_location_id": "aaa0000-e29b-41d4-a716-446655440000", "import_source": "legacy_sheet_csv"}'::jsonb, '2026-04-15 15:24:16'::timestamptz),
  ('b46d4cc6-1ed1-427c-bfdc-a842e94ad4d5'::uuid, '550e8400-e29b-41d4-a716-446655440001'::uuid, 'aaa00000-e29b-41d4-a716-446655440000'::uuid, 'END', '2026-04-15 15:24:38'::timestamptz, '2026-04-15'::date, null, null, null, null, 'b46d4cc6-1ed1-427c-bfdc-a842e94ad4d5'::uuid, 'legacy-sheet-import', '{"legacy_photo_url": "https://drive.google.com/file/d/1_-ZrZy6paBPj4Gh6x6crGAb_mYxkz_Lq/view?usp=drivesdk", "legacy_tipo": "Fin de Jornada", "legacy_location_id": "aaa0000-e29b-41d4-a716-446655440000", "import_source": "legacy_sheet_csv"}'::jsonb, '2026-04-15 15:24:38'::timestamptz),
  ('60dcd04e-0535-40a0-aa9f-5302e5a865c8'::uuid, '550e8400-e29b-41d4-a716-446655440000'::uuid, 'aaa00000-e29b-41d4-a716-446655440000'::uuid, 'START', '2026-04-15 16:50:47'::timestamptz, '2026-04-15'::date, null, null, null, null, '60dcd04e-0535-40a0-aa9f-5302e5a865c8'::uuid, 'legacy-sheet-import', '{"legacy_photo_url": "https://drive.google.com/file/d/1fcZC7bWu6g_WRNfb3PyPeoMkNAyWbM1-/view?usp=drivesdk", "legacy_tipo": "Inicio de Jornada", "legacy_location_id": "aaa0000-e29b-41d4-a716-446655440000", "import_source": "legacy_sheet_csv"}'::jsonb, '2026-04-15 16:50:47'::timestamptz),
  ('4c1c1d40-35f9-4d96-a740-fecc82c6bd0d'::uuid, '550e8400-e29b-41d4-a716-446655440001'::uuid, 'aaa00000-e29b-41d4-a716-446655440000'::uuid, 'END', '2026-04-16 07:33:27'::timestamptz, '2026-04-16'::date, null, null, null, null, '4c1c1d40-35f9-4d96-a740-fecc82c6bd0d'::uuid, 'legacy-sheet-import', '{"legacy_photo_url": "https://drive.google.com/file/d/1to87_8llHhFLTeRlDpaOMn2MwBnHm3vj/view?usp=drivesdk", "legacy_tipo": "Fin de Jornada", "legacy_location_id": "aaa0000-e29b-41d4-a716-446655440000", "import_source": "legacy_sheet_csv"}'::jsonb, '2026-04-16 07:33:27'::timestamptz),
  ('5c19b126-9283-4b6c-9afc-2ac1e8cf7dcf'::uuid, '550e8400-e29b-41d4-a716-446655440001'::uuid, 'aaa00000-e29b-41d4-a716-446655440000'::uuid, 'START', '2026-04-16 11:21:17'::timestamptz, '2026-04-16'::date, null, null, null, null, '5c19b126-9283-4b6c-9afc-2ac1e8cf7dcf'::uuid, 'legacy-sheet-import', '{"legacy_photo_url": "https://drive.google.com/file/d/1PFWskpdGyYrpVVHzsZuBq5gFoXHfbRLW/view?usp=drivesdk", "legacy_tipo": "Inicio de Jornada", "legacy_location_id": "aaa0000-e29b-41d4-a716-446655440000", "import_source": "legacy_sheet_csv"}'::jsonb, '2026-04-16 11:21:17'::timestamptz),
  ('5126f68a-0367-49a5-8d65-4e313c887717'::uuid, '550e8400-e29b-41d4-a716-446655440001'::uuid, 'aaa00000-e29b-41d4-a716-446655440000'::uuid, 'END', '2026-04-16 11:21:29'::timestamptz, '2026-04-16'::date, null, null, null, null, '5126f68a-0367-49a5-8d65-4e313c887717'::uuid, 'legacy-sheet-import', '{"legacy_photo_url": "https://drive.google.com/file/d/1fbrcq132ARcQBhZwnGNTNTxW2hGn_eGX/view?usp=drivesdk", "legacy_tipo": "Fin de Jornada", "legacy_location_id": "aaa0000-e29b-41d4-a716-446655440000", "import_source": "legacy_sheet_csv"}'::jsonb, '2026-04-16 11:21:29'::timestamptz),
  ('e18b9304-27e5-4c20-ae95-3d479483ed20'::uuid, '550e8400-e29b-41d4-a716-446655440000'::uuid, 'aaa00000-e29b-41d4-a716-446655440000'::uuid, 'START', '2026-04-16 11:21:41'::timestamptz, '2026-04-16'::date, null, null, null, null, 'e18b9304-27e5-4c20-ae95-3d479483ed20'::uuid, 'legacy-sheet-import', '{"legacy_photo_url": "https://drive.google.com/file/d/1uuc-YODppCzRrwVY3qjmSNL6YL15KoM9/view?usp=drivesdk", "legacy_tipo": "Inicio de Jornada", "legacy_location_id": "aaa0000-e29b-41d4-a716-446655440000", "import_source": "legacy_sheet_csv"}'::jsonb, '2026-04-16 11:21:41'::timestamptz),
  ('ee5e985f-8978-4203-a89f-d5b5225a7a18'::uuid, '550e8400-e29b-41d4-a716-446655440001'::uuid, 'aaa00000-e29b-41d4-a716-446655440000'::uuid, 'END', '2026-04-16 15:26:42'::timestamptz, '2026-04-16'::date, null, null, null, null, 'ee5e985f-8978-4203-a89f-d5b5225a7a18'::uuid, 'legacy-sheet-import', '{"legacy_photo_url": "https://drive.google.com/file/d/1btnqO4Wtwo2OEMa-Wv7d5H9sa8Hw3cD3/view?usp=drivesdk", "legacy_tipo": "Fin de Jornada", "legacy_location_id": "aaa0000-e29b-41d4-a716-446655440000", "import_source": "legacy_sheet_csv"}'::jsonb, '2026-04-16 15:26:42'::timestamptz),
  ('7c3fa0ae-0423-473a-a2bb-d20a2fff5849'::uuid, '550e8400-e29b-41d4-a716-446655440000'::uuid, 'aaa00000-e29b-41d4-a716-446655440000'::uuid, 'START', '2026-04-16 20:40:15'::timestamptz, '2026-04-16'::date, null, null, null, null, '7c3fa0ae-0423-473a-a2bb-d20a2fff5849'::uuid, 'legacy-sheet-import', '{"legacy_photo_url": "https://drive.google.com/file/d/1nx67bP0-ysOD13OMRx6P2GYvbkdGGquH/view?usp=drivesdk", "legacy_tipo": "Inicio de Jornada", "legacy_location_id": "aaa0000-e29b-41d4-a716-446655440000", "import_source": "legacy_sheet_csv"}'::jsonb, '2026-04-16 20:40:15'::timestamptz),
  ('7b1fa080-1ba9-4bd9-855a-3e13cdcd0517'::uuid, '550e8400-e29b-41d4-a716-446655440001'::uuid, 'aaa00000-e29b-41d4-a716-446655440000'::uuid, 'END', '2026-04-17 07:34:53'::timestamptz, '2026-04-17'::date, null, null, null, null, '7b1fa080-1ba9-4bd9-855a-3e13cdcd0517'::uuid, 'legacy-sheet-import', '{"legacy_photo_url": "https://drive.google.com/file/d/15klv0UOHvdzmVN6mlW2D1oEEmAJW7-dH/view?usp=drivesdk", "legacy_tipo": "Fin de Jornada", "legacy_location_id": "aaa0000-e29b-41d4-a716-446655440000", "import_source": "legacy_sheet_csv"}'::jsonb, '2026-04-17 07:34:53'::timestamptz),
  ('90f661bd-7787-4fec-b678-6a8670137d01'::uuid, '550e8400-e29b-41d4-a716-446655440001'::uuid, 'aaa00000-e29b-41d4-a716-446655440000'::uuid, 'START', '2026-04-17 07:35:02'::timestamptz, '2026-04-17'::date, null, null, null, null, '90f661bd-7787-4fec-b678-6a8670137d01'::uuid, 'legacy-sheet-import', '{"legacy_photo_url": "https://drive.google.com/file/d/1DsaXVOlhsgSrCY4HPh1RhQrx1LT01wxu/view?usp=drivesdk", "legacy_tipo": "Inicio de Jornada", "legacy_location_id": "aaa0000-e29b-41d4-a716-446655440000", "import_source": "legacy_sheet_csv"}'::jsonb, '2026-04-17 07:35:02'::timestamptz),
  ('a6615d15-adfb-409f-9d4c-058276800b3e'::uuid, '550e8400-e29b-41d4-a716-446655440000'::uuid, 'aaa00000-e29b-41d4-a716-446655440000'::uuid, 'START', '2026-04-17 10:22:54'::timestamptz, '2026-04-17'::date, null, null, null, null, 'a6615d15-adfb-409f-9d4c-058276800b3e'::uuid, 'legacy-sheet-import', '{"legacy_photo_url": "https://drive.google.com/file/d/1SgVALqxb2HwxJCGoGg9BYgqVwxoQzfzm/view?usp=drivesdk", "legacy_tipo": "Inicio de Jornada", "legacy_location_id": "aaa0000-e29b-41d4-a716-446655440000", "import_source": "legacy_sheet_csv"}'::jsonb, '2026-04-17 10:22:54'::timestamptz),
  ('df872163-10aa-4ba0-a2c1-9fda6f38b08a'::uuid, '550e8400-e29b-41d4-a716-446655440001'::uuid, 'aaa00000-e29b-41d4-a716-446655440000'::uuid, 'END', '2026-04-17 16:01:49'::timestamptz, '2026-04-17'::date, null, null, null, null, 'df872163-10aa-4ba0-a2c1-9fda6f38b08a'::uuid, 'legacy-sheet-import', '{"legacy_photo_url": "https://drive.google.com/file/d/1TRNoE6kC-ZRGUP6qUWFnXY1KWYmNbWcr/view?usp=drivesdk", "legacy_tipo": "Fin de Jornada", "legacy_location_id": "aaa0000-e29b-41d4-a716-446655440000", "import_source": "legacy_sheet_csv"}'::jsonb, '2026-04-17 16:01:49'::timestamptz),
  ('527c1d0a-5e4c-4902-b8be-7a58cf386b3c'::uuid, '550e8400-e29b-41d4-a716-446655440001'::uuid, 'aaa00000-e29b-41d4-a716-446655440000'::uuid, 'START', '2026-04-20 07:21:11'::timestamptz, '2026-04-20'::date, null, null, null, null, '527c1d0a-5e4c-4902-b8be-7a58cf386b3c'::uuid, 'legacy-sheet-import', '{"legacy_photo_url": "https://drive.google.com/file/d/1U0zKv_Nz9mz6eMYOKrt3jqkGcTkfk76Q/view?usp=drivesdk", "legacy_tipo": "Inicio de Jornada", "legacy_location_id": "aaa0000-e29b-41d4-a716-446655440000", "import_source": "legacy_sheet_csv"}'::jsonb, '2026-04-20 07:21:11'::timestamptz),
  ('25e248dd-6f28-4770-8912-095b5a01aebe'::uuid, '550e8400-e29b-41d4-a716-446655440001'::uuid, 'aaa00000-e29b-41d4-a716-446655440000'::uuid, 'START', '2026-04-20 16:46:08'::timestamptz, '2026-04-20'::date, null, null, null, null, '25e248dd-6f28-4770-8912-095b5a01aebe'::uuid, 'legacy-sheet-import', '{"legacy_photo_url": "https://drive.google.com/file/d/1eshpsKP80STtdTF1c3SYpLN53XgEqiZ8/view?usp=drivesdk", "legacy_tipo": "Inicio de Jornada", "legacy_location_id": "aaa0000-e29b-41d4-a716-446655440000", "import_source": "legacy_sheet_csv"}'::jsonb, '2026-04-20 16:46:08'::timestamptz),
  ('332aaba2-5e06-4863-b70e-2ed516ade344'::uuid, '550e8400-e29b-41d4-a716-446655440000'::uuid, 'aaa00000-e29b-41d4-a716-446655440000'::uuid, 'START', '2026-04-20 16:47:17'::timestamptz, '2026-04-20'::date, null, null, null, null, '332aaba2-5e06-4863-b70e-2ed516ade344'::uuid, 'legacy-sheet-import', '{"legacy_photo_url": "https://drive.google.com/file/d/1xadzbw4Q3HKE210Z_LLUr3dTMiGQnCG_/view?usp=drivesdk", "legacy_tipo": "Inicio de Jornada", "legacy_location_id": "aaa0000-e29b-41d4-a716-446655440000", "import_source": "legacy_sheet_csv"}'::jsonb, '2026-04-20 16:47:17'::timestamptz),
  ('bcdfd2c5-ea3f-4a02-bd3f-4216f757027f'::uuid, '550e8400-e29b-41d4-a716-446655440001'::uuid, 'aaa00000-e29b-41d4-a716-446655440000'::uuid, 'END', '2026-04-20 16:47:37'::timestamptz, '2026-04-20'::date, null, null, null, null, 'bcdfd2c5-ea3f-4a02-bd3f-4216f757027f'::uuid, 'legacy-sheet-import', '{"legacy_photo_url": "https://drive.google.com/file/d/1P5P-zyCNS4FPzPWG3S8856p9zJSjb6r3/view?usp=drivesdk", "legacy_tipo": "Fin de Jornada", "legacy_location_id": "aaa0000-e29b-41d4-a716-446655440000", "import_source": "legacy_sheet_csv"}'::jsonb, '2026-04-20 16:47:37'::timestamptz),
  ('34c3a744-6d67-4ef7-a798-5ec56fe1599a'::uuid, '550e8400-e29b-41d4-a716-446655440001'::uuid, 'aaa00000-e29b-41d4-a716-446655440000'::uuid, 'START', '2026-04-21 07:36:17'::timestamptz, '2026-04-21'::date, null, null, null, null, '34c3a744-6d67-4ef7-a798-5ec56fe1599a'::uuid, 'legacy-sheet-import', '{"legacy_photo_url": "https://drive.google.com/file/d/1uisXScpiTzoTqk2zGmV0htMvsCC9R-P9/view?usp=drivesdk", "legacy_tipo": "Inicio de Jornada", "legacy_location_id": "aaa0000-e29b-41d4-a716-446655440000", "import_source": "legacy_sheet_csv"}'::jsonb, '2026-04-21 07:36:17'::timestamptz),
  ('3b5eac15-cdb6-4a45-8a47-402ccb57e10b'::uuid, '550e8400-e29b-41d4-a716-446655440000'::uuid, 'aaa00000-e29b-41d4-a716-446655440000'::uuid, 'START', '2026-04-21 10:46:55'::timestamptz, '2026-04-21'::date, null, null, null, null, '3b5eac15-cdb6-4a45-8a47-402ccb57e10b'::uuid, 'legacy-sheet-import', '{"legacy_photo_url": "https://drive.google.com/file/d/1D5bhpQ3hfvHRAZm5m0VkzNjiDA12yDlQ/view?usp=drivesdk", "legacy_tipo": "Inicio de Jornada", "legacy_location_id": "aaa0000-e29b-41d4-a716-446655440000", "import_source": "legacy_sheet_csv"}'::jsonb, '2026-04-21 10:46:55'::timestamptz),
  ('6b540557-a9cf-4893-a085-11e916d5829a'::uuid, '550e8400-e29b-41d4-a716-446655440000'::uuid, 'aaa00000-e29b-41d4-a716-446655440000'::uuid, 'START', '2026-04-21 15:33:20'::timestamptz, '2026-04-21'::date, null, null, null, null, '6b540557-a9cf-4893-a085-11e916d5829a'::uuid, 'legacy-sheet-import', '{"legacy_photo_url": "https://drive.google.com/file/d/12_IcgACK__638e4-74-a5plicdVC3KCi/view?usp=drivesdk", "legacy_tipo": "Inicio de Jornada", "legacy_location_id": "aaa0000-e29b-41d4-a716-446655440000", "import_source": "legacy_sheet_csv"}'::jsonb, '2026-04-21 15:33:20'::timestamptz),
  ('c41d98f4-1200-49b8-bb26-5115fadb3d8d'::uuid, '550e8400-e29b-41d4-a716-446655440001'::uuid, 'aaa00000-e29b-41d4-a716-446655440000'::uuid, 'END', '2026-04-21 15:50:37'::timestamptz, '2026-04-21'::date, null, null, null, null, 'c41d98f4-1200-49b8-bb26-5115fadb3d8d'::uuid, 'legacy-sheet-import', '{"legacy_photo_url": "https://drive.google.com/file/d/1c8-i-aRtUcZZznQ1YQIfxGozUWkN57MA/view?usp=drivesdk", "legacy_tipo": "Fin de Jornada", "legacy_location_id": "aaa0000-e29b-41d4-a716-446655440000", "import_source": "legacy_sheet_csv"}'::jsonb, '2026-04-21 15:50:37'::timestamptz),
  ('ba6cdea1-8921-49b0-a7a0-e33f8ebd13d8'::uuid, '550e8400-e29b-41d4-a716-446655440000'::uuid, 'aaa00000-e29b-41d4-a716-446655440000'::uuid, 'START', '2026-04-21 15:50:47'::timestamptz, '2026-04-21'::date, null, null, null, null, 'ba6cdea1-8921-49b0-a7a0-e33f8ebd13d8'::uuid, 'legacy-sheet-import', '{"legacy_photo_url": "https://drive.google.com/file/d/1TafYfx_x789MkZTueiTY2t1TfpIvyw6S/view?usp=drivesdk", "legacy_tipo": "Inicio de Jornada", "legacy_location_id": "aaa0000-e29b-41d4-a716-446655440000", "import_source": "legacy_sheet_csv"}'::jsonb, '2026-04-21 15:50:47'::timestamptz),
  ('e91f90ab-c6ab-4a5b-a242-fd191157709b'::uuid, '550e8400-e29b-41d4-a716-446655440000'::uuid, 'aaa00000-e29b-41d4-a716-446655440000'::uuid, 'START', '2026-04-22 07:32:04'::timestamptz, '2026-04-22'::date, null, null, null, null, 'e91f90ab-c6ab-4a5b-a242-fd191157709b'::uuid, 'legacy-sheet-import', '{"legacy_photo_url": "https://drive.google.com/file/d/1E-RnsjMm-fQfSpSlUReyhOOWVLKHAKm0/view?usp=drivesdk", "legacy_tipo": "Inicio de Jornada", "legacy_location_id": "aaa0000-e29b-41d4-a716-446655440000", "import_source": "legacy_sheet_csv"}'::jsonb, '2026-04-22 07:32:04'::timestamptz),
  ('cc55a584-ff59-4a91-975b-00d087947358'::uuid, '550e8400-e29b-41d4-a716-446655440000'::uuid, 'aaa00000-e29b-41d4-a716-446655440000'::uuid, 'END', '2026-04-22 07:32:12'::timestamptz, '2026-04-22'::date, null, null, null, null, 'cc55a584-ff59-4a91-975b-00d087947358'::uuid, 'legacy-sheet-import', '{"legacy_photo_url": "https://drive.google.com/file/d/1_C0DvAtv4eNePD8btdgtrUCUGk2Ur_xZ/view?usp=drivesdk", "legacy_tipo": "Fin de Jornada", "legacy_location_id": "aaa0000-e29b-41d4-a716-446655440000", "import_source": "legacy_sheet_csv"}'::jsonb, '2026-04-22 07:32:12'::timestamptz),
  ('dd25a035-d53a-4e65-a75c-5eab4d43c988'::uuid, '550e8400-e29b-41d4-a716-446655440000'::uuid, 'aaa00000-e29b-41d4-a716-446655440000'::uuid, 'END', '2026-04-22 07:33:28'::timestamptz, '2026-04-22'::date, null, null, null, null, 'dd25a035-d53a-4e65-a75c-5eab4d43c988'::uuid, 'legacy-sheet-import', '{"legacy_photo_url": "https://drive.google.com/file/d/1rNQQcGKoSZZS1G-eG1o69VJrDx3P-17_/view?usp=drivesdk", "legacy_tipo": "Fin de Jornada", "legacy_location_id": "aaa0000-e29b-41d4-a716-446655440000", "import_source": "legacy_sheet_csv"}'::jsonb, '2026-04-22 07:33:28'::timestamptz),
  ('9285fede-d8d2-4431-9695-dac462fd59df'::uuid, '550e8400-e29b-41d4-a716-446655440001'::uuid, 'aaa00000-e29b-41d4-a716-446655440000'::uuid, 'START', '2026-04-22 07:33:50'::timestamptz, '2026-04-22'::date, null, null, null, null, '9285fede-d8d2-4431-9695-dac462fd59df'::uuid, 'legacy-sheet-import', '{"legacy_photo_url": "https://drive.google.com/file/d/13t2Dj0wlPkZBrL8efrdZeAVt4Uda8Pu5/view?usp=drivesdk", "legacy_tipo": "Inicio de Jornada", "legacy_location_id": "aaa0000-e29b-41d4-a716-446655440000", "import_source": "legacy_sheet_csv"}'::jsonb, '2026-04-22 07:33:50'::timestamptz),
  ('ae4e843f-b93b-42ea-b618-9f4f4f498b39'::uuid, '550e8400-e29b-41d4-a716-446655440000'::uuid, 'aaa00000-e29b-41d4-a716-446655440000'::uuid, 'START', '2026-04-22 09:35:47'::timestamptz, '2026-04-22'::date, null, null, null, null, 'ae4e843f-b93b-42ea-b618-9f4f4f498b39'::uuid, 'legacy-sheet-import', '{"legacy_photo_url": "https://drive.google.com/file/d/19oWfgn8st05R-3S7qZB54kqR--C7cdGm/view?usp=drivesdk", "legacy_tipo": "Inicio de Jornada", "legacy_location_id": "aaa0000-e29b-41d4-a716-446655440000", "import_source": "legacy_sheet_csv"}'::jsonb, '2026-04-22 09:35:47'::timestamptz),
  ('8d7171f8-a378-42f8-b581-b57a175a4204'::uuid, '550e8400-e29b-41d4-a716-446655440001'::uuid, 'aaa00000-e29b-41d4-a716-446655440000'::uuid, 'END', '2026-04-22 15:33:41'::timestamptz, '2026-04-22'::date, null, null, null, null, '8d7171f8-a378-42f8-b581-b57a175a4204'::uuid, 'legacy-sheet-import', '{"legacy_photo_url": "https://drive.google.com/file/d/1U8l-J8wwm0nrtHrILrWB3Y5eEahxiH89/view?usp=drivesdk", "legacy_tipo": "Fin de Jornada", "legacy_location_id": "aaa0000-e29b-41d4-a716-446655440000", "import_source": "legacy_sheet_csv"}'::jsonb, '2026-04-22 15:33:41'::timestamptz),
  ('ee821031-e361-49f6-8f86-ba98071c4386'::uuid, '550e8400-e29b-41d4-a716-446655440001'::uuid, 'aaa00000-e29b-41d4-a716-446655440000'::uuid, 'END', '2026-04-23 07:36:02'::timestamptz, '2026-04-23'::date, null, null, null, null, 'ee821031-e361-49f6-8f86-ba98071c4386'::uuid, 'legacy-sheet-import', '{"legacy_photo_url": "https://drive.google.com/file/d/1zLhZOwuA8AFi0UFWYCgsTLtRrVFeRBEI/view?usp=drivesdk", "legacy_tipo": "Fin de Jornada", "legacy_location_id": "aaa0000-e29b-41d4-a716-446655440000", "import_source": "legacy_sheet_csv"}'::jsonb, '2026-04-23 07:36:02'::timestamptz),
  ('8905a179-9070-444d-b307-55707b0bd459'::uuid, '550e8400-e29b-41d4-a716-446655440001'::uuid, 'aaa00000-e29b-41d4-a716-446655440000'::uuid, 'START', '2026-04-23 07:36:30'::timestamptz, '2026-04-23'::date, null, null, null, null, '8905a179-9070-444d-b307-55707b0bd459'::uuid, 'legacy-sheet-import', '{"legacy_photo_url": "https://drive.google.com/file/d/1nkl5_RoHaDEJttxoHLkV4pNjQXNqJOb9/view?usp=drivesdk", "legacy_tipo": "Inicio de Jornada", "legacy_location_id": "aaa0000-e29b-41d4-a716-446655440000", "import_source": "legacy_sheet_csv"}'::jsonb, '2026-04-23 07:36:30'::timestamptz),
  ('ea99e763-32ac-4842-a675-d26fbd380e36'::uuid, '550e8400-e29b-41d4-a716-446655440000'::uuid, 'aaa00000-e29b-41d4-a716-446655440000'::uuid, 'START', '2026-04-23 14:50:24'::timestamptz, '2026-04-23'::date, null, null, null, null, 'ea99e763-32ac-4842-a675-d26fbd380e36'::uuid, 'legacy-sheet-import', '{"legacy_photo_url": "https://drive.google.com/file/d/1Bx07R8KRryLy8fSkoziYz9J1yjG8igrU/view?usp=drivesdk", "legacy_tipo": "Inicio de Jornada", "legacy_location_id": "aaa0000-e29b-41d4-a716-446655440000", "import_source": "legacy_sheet_csv"}'::jsonb, '2026-04-23 14:50:24'::timestamptz),
  ('6f42a555-f0b7-4b8f-875b-230c1f613660'::uuid, '550e8400-e29b-41d4-a716-446655440000'::uuid, 'aaa00000-e29b-41d4-a716-446655440000'::uuid, 'START', '2026-04-23 14:50:36'::timestamptz, '2026-04-23'::date, null, null, null, null, '6f42a555-f0b7-4b8f-875b-230c1f613660'::uuid, 'legacy-sheet-import', '{"legacy_photo_url": "https://drive.google.com/file/d/1KoRVuMpsyL4nAlHAprADILJrQaygJkH-/view?usp=drivesdk", "legacy_tipo": "Inicio de Jornada", "legacy_location_id": "aaa0000-e29b-41d4-a716-446655440000", "import_source": "legacy_sheet_csv"}'::jsonb, '2026-04-23 14:50:36'::timestamptz),
  ('e04fa6ad-4577-45e3-82dc-46c00aa8c8f1'::uuid, '550e8400-e29b-41d4-a716-446655440001'::uuid, 'aaa00000-e29b-41d4-a716-446655440000'::uuid, 'START', '2026-04-23 16:52:44'::timestamptz, '2026-04-23'::date, null, null, null, null, 'e04fa6ad-4577-45e3-82dc-46c00aa8c8f1'::uuid, 'legacy-sheet-import', '{"legacy_photo_url": "https://drive.google.com/file/d/1C1anIMu9N-a1KVo8nrgErCplc74bTQPD/view?usp=drivesdk", "legacy_tipo": "Inicio de Jornada", "legacy_location_id": "aaa0000-e29b-41d4-a716-446655440000", "import_source": "legacy_sheet_csv"}'::jsonb, '2026-04-23 16:52:44'::timestamptz),
  ('99f266ae-35bd-4fd2-a07c-f6953c19cc43'::uuid, '550e8400-e29b-41d4-a716-446655440001'::uuid, 'aaa00000-e29b-41d4-a716-446655440000'::uuid, 'END', '2026-04-23 16:52:52'::timestamptz, '2026-04-23'::date, null, null, null, null, '99f266ae-35bd-4fd2-a07c-f6953c19cc43'::uuid, 'legacy-sheet-import', '{"legacy_photo_url": "https://drive.google.com/file/d/1xdSnjB9y73LZcfJ8jmi-G1K6bCVbv6LH/view?usp=drivesdk", "legacy_tipo": "Fin de Jornada", "legacy_location_id": "aaa0000-e29b-41d4-a716-446655440000", "import_source": "legacy_sheet_csv"}'::jsonb, '2026-04-23 16:52:52'::timestamptz),
  ('3203a1b0-09c4-4ccb-aeab-8bad7e0d4e32'::uuid, '550e8400-e29b-41d4-a716-446655440001'::uuid, 'aaa00000-e29b-41d4-a716-446655440000'::uuid, 'END', '2026-04-24 07:34:10'::timestamptz, '2026-04-24'::date, null, null, null, null, '3203a1b0-09c4-4ccb-aeab-8bad7e0d4e32'::uuid, 'legacy-sheet-import', '{"legacy_photo_url": "https://drive.google.com/file/d/1kAnizbGSQ_lOOo6QsisIQAuoTJex0TFp/view?usp=drivesdk", "legacy_tipo": "Fin de Jornada", "legacy_location_id": "aaa0000-e29b-41d4-a716-446655440000", "import_source": "legacy_sheet_csv"}'::jsonb, '2026-04-24 07:34:10'::timestamptz),
  ('75c32a46-54f4-45b1-9057-770e097a87f7'::uuid, '550e8400-e29b-41d4-a716-446655440001'::uuid, 'aaa00000-e29b-41d4-a716-446655440000'::uuid, 'START', '2026-04-24 07:34:42'::timestamptz, '2026-04-24'::date, null, null, null, null, '75c32a46-54f4-45b1-9057-770e097a87f7'::uuid, 'legacy-sheet-import', '{"legacy_photo_url": "https://drive.google.com/file/d/1Vuw3iyxYt6CuCgEhVuTVg2L72qIBN3BD/view?usp=drivesdk", "legacy_tipo": "Inicio de Jornada", "legacy_location_id": "aaa0000-e29b-41d4-a716-446655440000", "import_source": "legacy_sheet_csv"}'::jsonb, '2026-04-24 07:34:42'::timestamptz),
  ('57e8b02e-0213-4bb3-a09f-19552dcf6c47'::uuid, '550e8400-e29b-41d4-a716-446655440000'::uuid, 'aaa00000-e29b-41d4-a716-446655440000'::uuid, 'START', '2026-04-24 14:47:50'::timestamptz, '2026-04-24'::date, null, -34.7907404, -58.4198557, null, '57e8b02e-0213-4bb3-a09f-19552dcf6c47'::uuid, 'legacy-sheet-import', '{"legacy_photo_url": "https://drive.google.com/file/d/1rxBydIj7uaOQZJjG8gYd-qQ2uLJdXYxL/view?usp=drivesdk", "legacy_tipo": "Inicio de Jornada", "legacy_location_id": "aaa0000-e29b-41d4-a716-446655440000", "import_source": "legacy_sheet_csv"}'::jsonb, '2026-04-24 14:47:50'::timestamptz),
  ('cb59bdf8-61cb-4a20-9e8e-92b23a1bed14'::uuid, '550e8400-e29b-41d4-a716-446655440001'::uuid, 'aaa00000-e29b-41d4-a716-446655440000'::uuid, 'START', '2026-04-24 15:50:32'::timestamptz, '2026-04-24'::date, null, null, null, null, 'cb59bdf8-61cb-4a20-9e8e-92b23a1bed14'::uuid, 'legacy-sheet-import', '{"legacy_photo_url": "https://drive.google.com/file/d/1BXs9hi2xifb6_uDKWaIaGZ28bmqQvExX/view?usp=drivesdk", "legacy_tipo": "Inicio de Jornada", "legacy_location_id": "aaa0000-e29b-41d4-a716-446655440000", "import_source": "legacy_sheet_csv"}'::jsonb, '2026-04-24 15:50:32'::timestamptz),
  ('ba68b7b4-92f5-40b4-95e5-51c9ba4465b4'::uuid, '550e8400-e29b-41d4-a716-446655440001'::uuid, 'aaa00000-e29b-41d4-a716-446655440000'::uuid, 'START', '2026-04-24 15:59:25'::timestamptz, '2026-04-24'::date, null, null, null, null, 'ba68b7b4-92f5-40b4-95e5-51c9ba4465b4'::uuid, 'legacy-sheet-import', '{"legacy_photo_url": "https://drive.google.com/file/d/1MCOWKsI4JNwmD305Ex0ZF130j2rAbxnE/view?usp=drivesdk", "legacy_tipo": "Inicio de Jornada", "legacy_location_id": "aaa0000-e29b-41d4-a716-446655440000", "import_source": "legacy_sheet_csv"}'::jsonb, '2026-04-24 15:59:25'::timestamptz),
  ('8dc3aca1-a93e-4d2f-be44-03d0f3f2db09'::uuid, '550e8400-e29b-41d4-a716-446655440001'::uuid, 'aaa00000-e29b-41d4-a716-446655440000'::uuid, 'END', '2026-04-24 15:59:34'::timestamptz, '2026-04-24'::date, null, null, null, null, '8dc3aca1-a93e-4d2f-be44-03d0f3f2db09'::uuid, 'legacy-sheet-import', '{"legacy_photo_url": "https://drive.google.com/file/d/1HrVmHx-PPMFH1K5oQsI6Ulo5qrqDhSFL/view?usp=drivesdk", "legacy_tipo": "Fin de Jornada", "legacy_location_id": "aaa0000-e29b-41d4-a716-446655440000", "import_source": "legacy_sheet_csv"}'::jsonb, '2026-04-24 15:59:34'::timestamptz),
  ('d0168fc6-e5b2-4b56-b1ae-23ee2221867b'::uuid, '550e8400-e29b-41d4-a716-446655440000'::uuid, 'aaa00000-e29b-41d4-a716-446655440000'::uuid, 'END', '2026-04-25 13:37:20'::timestamptz, '2026-04-25'::date, null, null, null, null, 'd0168fc6-e5b2-4b56-b1ae-23ee2221867b'::uuid, 'legacy-sheet-import', '{"legacy_photo_url": "https://drive.google.com/file/d/189YXQAcXVzIAt1ZUiG-v3uvAUAaCpp7w/view?usp=drivesdk", "legacy_tipo": "Fin de Jornada", "legacy_location_id": "aaa0000-e29b-41d4-a716-446655440000", "import_source": "legacy_sheet_csv"}'::jsonb, '2026-04-25 13:37:20'::timestamptz),
  ('2fdd1dd0-dd8f-4541-ae98-b288d2294d26'::uuid, '550e8400-e29b-41d4-a716-446655440000'::uuid, 'aaa00000-e29b-41d4-a716-446655440000'::uuid, 'START', '2026-04-25 13:38:17'::timestamptz, '2026-04-25'::date, null, null, null, null, '2fdd1dd0-dd8f-4541-ae98-b288d2294d26'::uuid, 'legacy-sheet-import', '{"legacy_photo_url": "https://drive.google.com/file/d/1rcfb9Ye1x6-ZUvG-2jWCIJ7oMuTBomDo/view?usp=drivesdk", "legacy_tipo": "Inicio de Jornada", "legacy_location_id": "aaa0000-e29b-41d4-a716-446655440000", "import_source": "legacy_sheet_csv"}'::jsonb, '2026-04-25 13:38:17'::timestamptz),
  ('3c862282-3551-4bf1-8d03-dcfe83502a45'::uuid, '550e8400-e29b-41d4-a716-446655440001'::uuid, 'aaa00000-e29b-41d4-a716-446655440000'::uuid, 'START', '2026-04-27 07:38:29'::timestamptz, '2026-04-27'::date, null, null, null, null, '3c862282-3551-4bf1-8d03-dcfe83502a45'::uuid, 'legacy-sheet-import', '{"legacy_photo_url": "https://drive.google.com/file/d/1O77kUwaIHhT98BvXK6xv2vey6_Zi_ZjD/view?usp=drivesdk", "legacy_tipo": "Inicio de Jornada", "legacy_location_id": "aaa0000-e29b-41d4-a716-446655440000", "import_source": "legacy_sheet_csv"}'::jsonb, '2026-04-27 07:38:29'::timestamptz),
  ('f85cf11d-7805-4dc7-bcbb-a1b244a6cbd4'::uuid, '550e8400-e29b-41d4-a716-446655440001'::uuid, 'aaa00000-e29b-41d4-a716-446655440000'::uuid, 'START', '2026-04-27 09:57:19'::timestamptz, '2026-04-27'::date, null, null, null, null, 'f85cf11d-7805-4dc7-bcbb-a1b244a6cbd4'::uuid, 'legacy-sheet-import', '{"legacy_photo_url": "https://drive.google.com/file/d/1pU37gs9ZcaMPPEm1Phucu-JobXk6dImc/view?usp=drivesdk", "legacy_tipo": "Inicio de Jornada", "legacy_location_id": "aaa0000-e29b-41d4-a716-446655440000", "import_source": "legacy_sheet_csv"}'::jsonb, '2026-04-27 09:57:19'::timestamptz),
  ('dd086a6f-b514-4234-bca1-d2b5cae418ea'::uuid, '550e8400-e29b-41d4-a716-446655440000'::uuid, 'aaa00000-e29b-41d4-a716-446655440000'::uuid, 'END', '2026-04-27 15:27:22'::timestamptz, '2026-04-27'::date, null, null, null, null, 'dd086a6f-b514-4234-bca1-d2b5cae418ea'::uuid, 'legacy-sheet-import', '{"legacy_photo_url": "https://drive.google.com/file/d/1vR1caT8Fb4RVz408cUIrqQ6H9JYOO4I-/view?usp=drivesdk", "legacy_tipo": "Fin de Jornada", "legacy_location_id": "aaa0000-e29b-41d4-a716-446655440000", "import_source": "legacy_sheet_csv"}'::jsonb, '2026-04-27 15:27:22'::timestamptz),
  ('9eace51b-b2b3-4d19-922f-280d16b17365'::uuid, '550e8400-e29b-41d4-a716-446655440000'::uuid, 'aaa00000-e29b-41d4-a716-446655440000'::uuid, 'START', '2026-04-27 15:27:30'::timestamptz, '2026-04-27'::date, null, null, null, null, '9eace51b-b2b3-4d19-922f-280d16b17365'::uuid, 'legacy-sheet-import', '{"legacy_photo_url": "https://drive.google.com/file/d/1wOMKap5cKU5bGm0hdomYaJhvth5durEx/view?usp=drivesdk", "legacy_tipo": "Inicio de Jornada", "legacy_location_id": "aaa0000-e29b-41d4-a716-446655440000", "import_source": "legacy_sheet_csv"}'::jsonb, '2026-04-27 15:27:30'::timestamptz),
  ('6bfb1bf7-b0c5-4e58-bef7-debc37819a3e'::uuid, '550e8400-e29b-41d4-a716-446655440001'::uuid, 'aaa00000-e29b-41d4-a716-446655440000'::uuid, 'END', '2026-04-27 15:27:39'::timestamptz, '2026-04-27'::date, null, null, null, null, '6bfb1bf7-b0c5-4e58-bef7-debc37819a3e'::uuid, 'legacy-sheet-import', '{"legacy_photo_url": "https://drive.google.com/file/d/13VBjEtM47Dk61j3s0YQ1cTUOBZI8njd7/view?usp=drivesdk", "legacy_tipo": "Fin de Jornada", "legacy_location_id": "aaa0000-e29b-41d4-a716-446655440000", "import_source": "legacy_sheet_csv"}'::jsonb, '2026-04-27 15:27:39'::timestamptz),
  ('212a18ee-ca43-4aa2-9ce1-fd223361152f'::uuid, '550e8400-e29b-41d4-a716-446655440001'::uuid, 'aaa00000-e29b-41d4-a716-446655440000'::uuid, 'START', '2026-04-28 07:35:22'::timestamptz, '2026-04-28'::date, null, null, null, null, '212a18ee-ca43-4aa2-9ce1-fd223361152f'::uuid, 'legacy-sheet-import', '{"legacy_photo_url": "https://drive.google.com/file/d/1fIUdILI6GnjOx_S94cJqKkz0c6hUDR7Q/view?usp=drivesdk", "legacy_tipo": "Inicio de Jornada", "legacy_location_id": "aaa0000-e29b-41d4-a716-446655440000", "import_source": "legacy_sheet_csv"}'::jsonb, '2026-04-28 07:35:22'::timestamptz),
  ('4c25e9e3-1f94-4df0-b348-9d4ca7640f75'::uuid, '550e8400-e29b-41d4-a716-446655440001'::uuid, 'aaa00000-e29b-41d4-a716-446655440000'::uuid, 'START', '2026-04-28 14:42:26'::timestamptz, '2026-04-28'::date, null, null, null, null, '4c25e9e3-1f94-4df0-b348-9d4ca7640f75'::uuid, 'legacy-sheet-import', '{"legacy_photo_url": "https://drive.google.com/file/d/11ST4QQeTUm2c_POc0aWusyAjkeOEmQTR/view?usp=drivesdk", "legacy_tipo": "Inicio de Jornada", "legacy_location_id": "aaa0000-e29b-41d4-a716-446655440000", "import_source": "legacy_sheet_csv"}'::jsonb, '2026-04-28 14:42:26'::timestamptz),
  ('45091d67-b634-4b35-9306-7cbc6b587d59'::uuid, '550e8400-e29b-41d4-a716-446655440000'::uuid, 'aaa00000-e29b-41d4-a716-446655440000'::uuid, 'START', '2026-04-28 14:42:35'::timestamptz, '2026-04-28'::date, null, null, null, null, '45091d67-b634-4b35-9306-7cbc6b587d59'::uuid, 'legacy-sheet-import', '{"legacy_photo_url": "https://drive.google.com/file/d/1s4uuaVUBoYBep2gq7ew38gQEnmhXNgMf/view?usp=drivesdk", "legacy_tipo": "Inicio de Jornada", "legacy_location_id": "aaa0000-e29b-41d4-a716-446655440000", "import_source": "legacy_sheet_csv"}'::jsonb, '2026-04-28 14:42:35'::timestamptz),
  ('b37ba89b-39b9-4265-9680-dc2d60d26bf1'::uuid, '550e8400-e29b-41d4-a716-446655440001'::uuid, 'aaa00000-e29b-41d4-a716-446655440000'::uuid, 'END', '2026-04-28 15:22:11'::timestamptz, '2026-04-28'::date, null, null, null, null, 'b37ba89b-39b9-4265-9680-dc2d60d26bf1'::uuid, 'legacy-sheet-import', '{"legacy_photo_url": "https://drive.google.com/file/d/1TMBL5C4E-bx7gLT2DqnhRc-nJP1E8Dtt/view?usp=drivesdk", "legacy_tipo": "Fin de Jornada", "legacy_location_id": "aaa0000-e29b-41d4-a716-446655440000", "import_source": "legacy_sheet_csv"}'::jsonb, '2026-04-28 15:22:11'::timestamptz),
  ('73e274b1-967d-4a0f-8b64-cb83b2fbe070'::uuid, '550e8400-e29b-41d4-a716-446655440001'::uuid, 'aaa00000-e29b-41d4-a716-446655440000'::uuid, 'START', '2026-04-30 07:52:12'::timestamptz, '2026-04-30'::date, null, null, null, null, '73e274b1-967d-4a0f-8b64-cb83b2fbe070'::uuid, 'legacy-sheet-import', '{"legacy_photo_url": "https://drive.google.com/file/d/1g16ba8lpefYxlR89SFJsFO26-_uIP7_h/view?usp=drivesdk", "legacy_tipo": "Inicio de Jornada", "legacy_location_id": "aaa0000-e29b-41d4-a716-446655440000", "import_source": "legacy_sheet_csv"}'::jsonb, '2026-04-30 07:52:12'::timestamptz),
  ('c4619956-9625-42f6-b4d8-1b2cac40c43e'::uuid, '550e8400-e29b-41d4-a716-446655440001'::uuid, 'aaa00000-e29b-41d4-a716-446655440000'::uuid, 'START', '2026-04-30 10:00:30'::timestamptz, '2026-04-30'::date, null, null, null, null, 'c4619956-9625-42f6-b4d8-1b2cac40c43e'::uuid, 'legacy-sheet-import', '{"legacy_photo_url": "https://drive.google.com/file/d/1vLDhmkFwe2z2UahueiixxRyO43RREXw5/view?usp=drivesdk", "legacy_tipo": "Inicio de Jornada", "legacy_location_id": "aaa0000-e29b-41d4-a716-446655440000", "import_source": "legacy_sheet_csv"}'::jsonb, '2026-04-30 10:00:30'::timestamptz),
  ('28efb18c-899f-451d-b9db-7843764a12a0'::uuid, '550e8400-e29b-41d4-a716-446655440000'::uuid, 'aaa00000-e29b-41d4-a716-446655440000'::uuid, 'START', '2026-04-30 10:00:46'::timestamptz, '2026-04-30'::date, null, null, null, null, '28efb18c-899f-451d-b9db-7843764a12a0'::uuid, 'legacy-sheet-import', '{"legacy_photo_url": "https://drive.google.com/file/d/1gKuy2MEwX9FoOf9qrh7wmBlq7xJPHe0A/view?usp=drivesdk", "legacy_tipo": "Inicio de Jornada", "legacy_location_id": "aaa0000-e29b-41d4-a716-446655440000", "import_source": "legacy_sheet_csv"}'::jsonb, '2026-04-30 10:00:46'::timestamptz),
  ('c3f31031-ee5f-4911-9a2f-3f61708dd0f4'::uuid, '550e8400-e29b-41d4-a716-446655440001'::uuid, 'aaa00000-e29b-41d4-a716-446655440000'::uuid, 'START', '2026-04-30 10:01:05'::timestamptz, '2026-04-30'::date, null, null, null, null, 'c3f31031-ee5f-4911-9a2f-3f61708dd0f4'::uuid, 'legacy-sheet-import', '{"legacy_photo_url": "https://drive.google.com/file/d/19PtdNJfHhbnq_62llHRKOMf6sI-Gvkv7/view?usp=drivesdk", "legacy_tipo": "Inicio de Jornada", "legacy_location_id": "aaa0000-e29b-41d4-a716-446655440000", "import_source": "legacy_sheet_csv"}'::jsonb, '2026-04-30 10:01:05'::timestamptz),
  ('9d8ef5ca-37f4-4479-a055-87091eb0a950'::uuid, '550e8400-e29b-41d4-a716-446655440001'::uuid, 'aaa00000-e29b-41d4-a716-446655440000'::uuid, 'END', '2026-05-01 07:34:20'::timestamptz, '2026-05-01'::date, null, null, null, null, '9d8ef5ca-37f4-4479-a055-87091eb0a950'::uuid, 'legacy-sheet-import', '{"legacy_photo_url": "https://drive.google.com/file/d/1_mJA4BXwJtni0y4Jqg4X4Jx0LnQQ-uXU/view?usp=drivesdk", "legacy_tipo": "Fin de Jornada", "legacy_location_id": "aaa0000-e29b-41d4-a716-446655440000", "import_source": "legacy_sheet_csv"}'::jsonb, '2026-05-01 07:34:20'::timestamptz),
  ('0f8884f8-73aa-4770-ac1c-46849d18e143'::uuid, '550e8400-e29b-41d4-a716-446655440001'::uuid, 'aaa00000-e29b-41d4-a716-446655440000'::uuid, 'START', '2026-05-01 07:34:40'::timestamptz, '2026-05-01'::date, null, null, null, null, '0f8884f8-73aa-4770-ac1c-46849d18e143'::uuid, 'legacy-sheet-import', '{"legacy_photo_url": "https://drive.google.com/file/d/1xnxKVrYHkrkQch2hQAIVU8KpbKkbdX50/view?usp=drivesdk", "legacy_tipo": "Inicio de Jornada", "legacy_location_id": "aaa0000-e29b-41d4-a716-446655440000", "import_source": "legacy_sheet_csv"}'::jsonb, '2026-05-01 07:34:40'::timestamptz),
  ('4e9e29b1-e8ff-4cd4-85e1-f232391a3c86'::uuid, '550e8400-e29b-41d4-a716-446655440001'::uuid, 'aaa00000-e29b-41d4-a716-446655440000'::uuid, 'START', '2026-05-01 10:47:25'::timestamptz, '2026-05-01'::date, null, null, null, null, '4e9e29b1-e8ff-4cd4-85e1-f232391a3c86'::uuid, 'legacy-sheet-import', '{"legacy_photo_url": "https://drive.google.com/file/d/1CG8tARIp7SRc4mGFa-u32cVsci8o4dzo/view?usp=drivesdk", "legacy_tipo": "Inicio de Jornada", "legacy_location_id": "aaa0000-e29b-41d4-a716-446655440000", "import_source": "legacy_sheet_csv"}'::jsonb, '2026-05-01 10:47:25'::timestamptz),
  ('934132fc-5d03-4591-82d3-61fa143ebcae'::uuid, '550e8400-e29b-41d4-a716-446655440000'::uuid, 'aaa00000-e29b-41d4-a716-446655440000'::uuid, 'START', '2026-05-01 10:47:32'::timestamptz, '2026-05-01'::date, null, null, null, null, '934132fc-5d03-4591-82d3-61fa143ebcae'::uuid, 'legacy-sheet-import', '{"legacy_photo_url": "https://drive.google.com/file/d/1FxMgEgxWZIj4N_h2S3NA9JQkt9SkaeGE/view?usp=drivesdk", "legacy_tipo": "Inicio de Jornada", "legacy_location_id": "aaa0000-e29b-41d4-a716-446655440000", "import_source": "legacy_sheet_csv"}'::jsonb, '2026-05-01 10:47:32'::timestamptz),
  ('8afde7da-6711-4f0d-9dd3-c74555a59652'::uuid, '550e8400-e29b-41d4-a716-446655440000'::uuid, 'aaa00000-e29b-41d4-a716-446655440000'::uuid, 'END', '2026-05-01 17:43:29'::timestamptz, '2026-05-01'::date, null, null, null, null, '8afde7da-6711-4f0d-9dd3-c74555a59652'::uuid, 'legacy-sheet-import', '{"legacy_photo_url": "https://drive.google.com/file/d/1RsOryJYwsJeHqiJzvZRfO0DLmPIsqCGm/view?usp=drivesdk", "legacy_tipo": "Fin de Jornada", "legacy_location_id": "aaa0000-e29b-41d4-a716-446655440000", "import_source": "legacy_sheet_csv"}'::jsonb, '2026-05-01 17:43:29'::timestamptz),
  ('4147f67f-4019-49f6-83ee-86a728a18ede'::uuid, '550e8400-e29b-41d4-a716-446655440000'::uuid, 'aaa00000-e29b-41d4-a716-446655440000'::uuid, 'END', '2026-05-04 15:30:32'::timestamptz, '2026-05-04'::date, null, null, null, null, '4147f67f-4019-49f6-83ee-86a728a18ede'::uuid, 'legacy-sheet-import', '{"legacy_photo_url": "https://drive.google.com/file/d/1PwhmawISjcp8pwfh36l3ChQ2J8yirVIm/view?usp=drivesdk", "legacy_tipo": "Fin de Jornada", "legacy_location_id": "aaa0000-e29b-41d4-a716-446655440000", "import_source": "legacy_sheet_csv"}'::jsonb, '2026-05-04 15:30:32'::timestamptz),
  ('e12eb0ec-b7e0-4ff0-b553-f4977659da8f'::uuid, '550e8400-e29b-41d4-a716-446655440001'::uuid, 'aaa00000-e29b-41d4-a716-446655440000'::uuid, 'END', '2026-05-04 15:30:44'::timestamptz, '2026-05-04'::date, null, null, null, null, 'e12eb0ec-b7e0-4ff0-b553-f4977659da8f'::uuid, 'legacy-sheet-import', '{"legacy_photo_url": "https://drive.google.com/file/d/1TT9OrJC4GMcvwNKJyiQ32F9X_HZeASlH/view?usp=drivesdk", "legacy_tipo": "Fin de Jornada", "legacy_location_id": "aaa0000-e29b-41d4-a716-446655440000", "import_source": "legacy_sheet_csv"}'::jsonb, '2026-05-04 15:30:44'::timestamptz),
  ('d870a0f9-78fb-4db2-ae1f-6b67578ee3d5'::uuid, '550e8400-e29b-41d4-a716-446655440001'::uuid, 'aaa00000-e29b-41d4-a716-446655440000'::uuid, 'END', '2026-05-04 15:30:55'::timestamptz, '2026-05-04'::date, null, null, null, null, 'd870a0f9-78fb-4db2-ae1f-6b67578ee3d5'::uuid, 'legacy-sheet-import', '{"legacy_photo_url": "https://drive.google.com/file/d/1sZwsyKjWbbteFcl1XB2xUhbRQFX07RKs/view?usp=drivesdk", "legacy_tipo": "Fin de Jornada", "legacy_location_id": "aaa0000-e29b-41d4-a716-446655440000", "import_source": "legacy_sheet_csv"}'::jsonb, '2026-05-04 15:30:55'::timestamptz),
  ('2940035b-0de6-44da-b2a3-7ad277709eb1'::uuid, '550e8400-e29b-41d4-a716-446655440001'::uuid, 'aaa00000-e29b-41d4-a716-446655440000'::uuid, 'END', '2026-05-05 07:38:17'::timestamptz, '2026-05-05'::date, null, null, null, null, '2940035b-0de6-44da-b2a3-7ad277709eb1'::uuid, 'legacy-sheet-import', '{"legacy_photo_url": "https://drive.google.com/file/d/1eXv1M54revCrxhdAPlrwBUahYZlTsTcU/view?usp=drivesdk", "legacy_tipo": "Fin de Jornada", "legacy_location_id": "aaa0000-e29b-41d4-a716-446655440000", "import_source": "legacy_sheet_csv"}'::jsonb, '2026-05-05 07:38:17'::timestamptz),
  ('87b8fa05-4719-4374-acde-7c71769a497a'::uuid, '550e8400-e29b-41d4-a716-446655440001'::uuid, 'aaa00000-e29b-41d4-a716-446655440000'::uuid, 'START', '2026-05-05 07:38:59'::timestamptz, '2026-05-05'::date, null, null, null, null, '87b8fa05-4719-4374-acde-7c71769a497a'::uuid, 'legacy-sheet-import', '{"legacy_photo_url": "https://drive.google.com/file/d/1tiSNaAsNi6V67zMa7el5sc2r8CrMVDTs/view?usp=drivesdk", "legacy_tipo": "Inicio de Jornada", "legacy_location_id": "aaa0000-e29b-41d4-a716-446655440000", "import_source": "legacy_sheet_csv"}'::jsonb, '2026-05-05 07:38:59'::timestamptz),
  ('860e7236-d1eb-46ee-81a1-0e1ee5380d2c'::uuid, '550e8400-e29b-41d4-a716-446655440001'::uuid, 'aaa00000-e29b-41d4-a716-446655440000'::uuid, 'START', '2026-05-05 15:42:59'::timestamptz, '2026-05-05'::date, null, null, null, null, '860e7236-d1eb-46ee-81a1-0e1ee5380d2c'::uuid, 'legacy-sheet-import', '{"legacy_photo_url": "https://drive.google.com/file/d/1CnS0veIhX4d2XmV_k_isRArbIGmnBV20/view?usp=drivesdk", "legacy_tipo": "Inicio de Jornada", "legacy_location_id": "aaa0000-e29b-41d4-a716-446655440000", "import_source": "legacy_sheet_csv"}'::jsonb, '2026-05-05 15:42:59'::timestamptz),
  ('036e23e2-4dcc-4308-8fdd-ed6f3b0e963c'::uuid, '550e8400-e29b-41d4-a716-446655440001'::uuid, 'aaa00000-e29b-41d4-a716-446655440000'::uuid, 'START', '2026-05-07 07:40:20'::timestamptz, '2026-05-07'::date, null, null, null, null, '036e23e2-4dcc-4308-8fdd-ed6f3b0e963c'::uuid, 'legacy-sheet-import', '{"legacy_photo_url": "https://drive.google.com/file/d/1iXuQj_cSrzQ7kWpxIs4Kwu0oeSEoUcNh/view?usp=drivesdk", "legacy_tipo": "Inicio de Jornada", "legacy_location_id": "aaa0000-e29b-41d4-a716-446655440000", "import_source": "legacy_sheet_csv"}'::jsonb, '2026-05-07 07:40:20'::timestamptz),
  ('cb11a249-9e57-4d53-8f48-1592a813e6a7'::uuid, '550e8400-e29b-41d4-a716-446655440001'::uuid, 'aaa00000-e29b-41d4-a716-446655440000'::uuid, 'END', '2026-05-07 07:40:28'::timestamptz, '2026-05-07'::date, null, null, null, null, 'cb11a249-9e57-4d53-8f48-1592a813e6a7'::uuid, 'legacy-sheet-import', '{"legacy_photo_url": "https://drive.google.com/file/d/1JH2_V53927EHSMVEFQGfQ0HgYCgdtM29/view?usp=drivesdk", "legacy_tipo": "Fin de Jornada", "legacy_location_id": "aaa0000-e29b-41d4-a716-446655440000", "import_source": "legacy_sheet_csv"}'::jsonb, '2026-05-07 07:40:28'::timestamptz),
  ('b736349f-f980-4529-be65-f84a67a83c51'::uuid, '550e8400-e29b-41d4-a716-446655440001'::uuid, 'aaa00000-e29b-41d4-a716-446655440000'::uuid, 'END', '2026-05-07 16:09:15'::timestamptz, '2026-05-07'::date, null, null, null, null, 'b736349f-f980-4529-be65-f84a67a83c51'::uuid, 'legacy-sheet-import', '{"legacy_photo_url": "https://drive.google.com/file/d/1znC8oReE5tUeCI34O5vmNVbKGdQXsI10/view?usp=drivesdk", "legacy_tipo": "Fin de Jornada", "legacy_location_id": "aaa0000-e29b-41d4-a716-446655440000", "import_source": "legacy_sheet_csv"}'::jsonb, '2026-05-07 16:09:15'::timestamptz),
  ('c75f1f0a-14cd-4d3b-a556-d013bce87ac5'::uuid, '550e8400-e29b-41d4-a716-446655440001'::uuid, 'aaa00000-e29b-41d4-a716-446655440000'::uuid, 'START', '2026-05-07 18:08:47'::timestamptz, '2026-05-07'::date, null, null, null, null, 'c75f1f0a-14cd-4d3b-a556-d013bce87ac5'::uuid, 'legacy-sheet-import', '{"legacy_photo_url": "https://drive.google.com/file/d/1LgpUlLgvBArSf0SyP3u5YXWx3-q3-Zd-/view?usp=drivesdk", "legacy_tipo": "Inicio de Jornada", "legacy_location_id": "aaa0000-e29b-41d4-a716-446655440000", "import_source": "legacy_sheet_csv"}'::jsonb, '2026-05-07 18:08:47'::timestamptz),
  ('37df0a35-36a9-4c12-b1bf-4dd0adeaffaf'::uuid, '550e8400-e29b-41d4-a716-446655440001'::uuid, 'aaa00000-e29b-41d4-a716-446655440000'::uuid, 'END', '2026-05-07 18:08:56'::timestamptz, '2026-05-07'::date, null, null, null, null, '37df0a35-36a9-4c12-b1bf-4dd0adeaffaf'::uuid, 'legacy-sheet-import', '{"legacy_photo_url": "https://drive.google.com/file/d/19QMKizcAygnuRvisMDP5XTgpulZVsJz-/view?usp=drivesdk", "legacy_tipo": "Fin de Jornada", "legacy_location_id": "aaa0000-e29b-41d4-a716-446655440000", "import_source": "legacy_sheet_csv"}'::jsonb, '2026-05-07 18:08:56'::timestamptz),
  ('cf983e52-9efb-43dc-ad4b-8fde3e3206ec'::uuid, '550e8400-e29b-41d4-a716-446655440001'::uuid, 'aaa00000-e29b-41d4-a716-446655440000'::uuid, 'START', '2026-05-07 18:09:05'::timestamptz, '2026-05-07'::date, null, null, null, null, 'cf983e52-9efb-43dc-ad4b-8fde3e3206ec'::uuid, 'legacy-sheet-import', '{"legacy_photo_url": "https://drive.google.com/file/d/150YpPL8gj5mduVQrbrJhEQe_W441SMx9/view?usp=drivesdk", "legacy_tipo": "Inicio de Jornada", "legacy_location_id": "aaa0000-e29b-41d4-a716-446655440000", "import_source": "legacy_sheet_csv"}'::jsonb, '2026-05-07 18:09:05'::timestamptz),
  ('653da049-0b38-4a6f-b123-439e03ae2193'::uuid, '550e8400-e29b-41d4-a716-446655440000'::uuid, 'aaa00000-e29b-41d4-a716-446655440000'::uuid, 'START', '2026-05-07 18:09:16'::timestamptz, '2026-05-07'::date, null, null, null, null, '653da049-0b38-4a6f-b123-439e03ae2193'::uuid, 'legacy-sheet-import', '{"legacy_photo_url": "https://drive.google.com/file/d/1na8o_vw0h0tN1vq3r1SSaKRkRE8Gvnfi/view?usp=drivesdk", "legacy_tipo": "Inicio de Jornada", "legacy_location_id": "aaa0000-e29b-41d4-a716-446655440000", "import_source": "legacy_sheet_csv"}'::jsonb, '2026-05-07 18:09:16'::timestamptz),
  ('7e78196e-578c-4283-9bce-20fc4d39c26b'::uuid, '550e8400-e29b-41d4-a716-446655440002'::uuid, 'aaa00000-e29b-41d4-a716-446655440000'::uuid, 'START', '2026-05-07 18:09:24'::timestamptz, '2026-05-07'::date, null, null, null, null, '7e78196e-578c-4283-9bce-20fc4d39c26b'::uuid, 'legacy-sheet-import', '{"legacy_photo_url": "https://drive.google.com/file/d/1b2GrvZenjWeolMip_nZOcfQyL11TMGgg/view?usp=drivesdk", "legacy_tipo": "Inicio de Jornada", "legacy_location_id": "aaa0000-e29b-41d4-a716-446655440000", "import_source": "legacy_sheet_csv"}'::jsonb, '2026-05-07 18:09:24'::timestamptz),
  ('299c50d7-871e-46a6-bd27-42fd6b2d2d48'::uuid, '550e8400-e29b-41d4-a716-446655440003'::uuid, 'aaa00000-e29b-41d4-a716-446655440000'::uuid, 'START', '2026-05-08 10:15:33'::timestamptz, '2026-05-08'::date, null, null, null, null, '299c50d7-871e-46a6-bd27-42fd6b2d2d48'::uuid, 'legacy-sheet-import', '{"legacy_photo_url": "https://drive.google.com/file/d/1jQmrdpu105DvjJwG7StwN9UEr1Qt7n5M/view?usp=drivesdk", "legacy_tipo": "Inicio de Jornada", "legacy_location_id": "aaa0000-e29b-41d4-a716-446655440000", "import_source": "legacy_sheet_csv"}'::jsonb, '2026-05-08 10:15:33'::timestamptz),
  ('188bdbd0-4eb1-4985-ab8f-314336aa6d86'::uuid, '550e8400-e29b-41d4-a716-446655440004'::uuid, 'aaa00000-e29b-41d4-a716-446655440000'::uuid, 'START', '2026-05-08 10:15:47'::timestamptz, '2026-05-08'::date, null, null, null, null, '188bdbd0-4eb1-4985-ab8f-314336aa6d86'::uuid, 'legacy-sheet-import', '{"legacy_photo_url": "https://drive.google.com/file/d/1ydS3hBSK7IKL1Nu1NVcXw42KXSWrwDON/view?usp=drivesdk", "legacy_tipo": "Inicio de Jornada", "legacy_location_id": "aaa0000-e29b-41d4-a716-446655440000", "import_source": "legacy_sheet_csv"}'::jsonb, '2026-05-08 10:15:47'::timestamptz),
  ('ac8ceda0-b269-4956-97ee-aaf00309508f'::uuid, '550e8400-e29b-41d4-a716-446655440000'::uuid, 'aaa00000-e29b-41d4-a716-446655440000'::uuid, 'START', '2026-05-08 12:55:30'::timestamptz, '2026-05-08'::date, null, null, null, null, 'ac8ceda0-b269-4956-97ee-aaf00309508f'::uuid, 'legacy-sheet-import', '{"legacy_photo_url": "https://drive.google.com/file/d/16zZkGLerZmfyc3JOvqxl7pl7VvvIxhcN/view?usp=drivesdk", "legacy_tipo": "Inicio de Jornada", "legacy_location_id": "aaa0000-e29b-41d4-a716-446655440000", "import_source": "legacy_sheet_csv"}'::jsonb, '2026-05-08 12:55:30'::timestamptz),
  ('1ae583ad-eb02-4558-a81a-993affc00418'::uuid, '550e8400-e29b-41d4-a716-446655440000'::uuid, 'aaa00000-e29b-41d4-a716-446655440000'::uuid, 'START', '2026-05-11 07:21:08'::timestamptz, '2026-05-11'::date, null, null, null, null, '1ae583ad-eb02-4558-a81a-993affc00418'::uuid, 'legacy-sheet-import', '{"legacy_photo_url": "https://drive.google.com/file/d/18w542q5TUFYdTKqkyhHfs87c_vPSBHjj/view?usp=drivesdk", "legacy_tipo": "Inicio de Jornada", "legacy_location_id": "aaa0000-e29b-41d4-a716-446655440000", "import_source": "legacy_sheet_csv"}'::jsonb, '2026-05-11 07:21:08'::timestamptz),
  ('8d35ad36-46e3-433f-9573-cc846af2aeda'::uuid, '550e8400-e29b-41d4-a716-446655440001'::uuid, 'aaa00000-e29b-41d4-a716-446655440000'::uuid, 'START', '2026-05-11 07:21:20'::timestamptz, '2026-05-11'::date, null, null, null, null, '8d35ad36-46e3-433f-9573-cc846af2aeda'::uuid, 'legacy-sheet-import', '{"legacy_photo_url": "https://drive.google.com/file/d/1Jbu0vx4gbpyc75pheVe67-AhCgPQ-Dxk/view?usp=drivesdk", "legacy_tipo": "Inicio de Jornada", "legacy_location_id": "aaa0000-e29b-41d4-a716-446655440000", "import_source": "legacy_sheet_csv"}'::jsonb, '2026-05-11 07:21:20'::timestamptz),
  ('44d0c881-69ad-4ec6-ba0f-189ed5bccce2'::uuid, '550e8400-e29b-41d4-a716-446655440004'::uuid, 'aaa00000-e29b-41d4-a716-446655440000'::uuid, 'START', '2026-05-11 07:24:39'::timestamptz, '2026-05-11'::date, null, null, null, null, '44d0c881-69ad-4ec6-ba0f-189ed5bccce2'::uuid, 'legacy-sheet-import', '{"legacy_photo_url": "https://drive.google.com/file/d/1sdogxnv0Y4-f6ePTG47v4lDp8koo2fX8/view?usp=drivesdk", "legacy_tipo": "Inicio de Jornada", "legacy_location_id": "aaa0000-e29b-41d4-a716-446655440000", "import_source": "legacy_sheet_csv"}'::jsonb, '2026-05-11 07:24:39'::timestamptz),
  ('de4a02a8-bf5a-4601-9002-5552f602ffd2'::uuid, '550e8400-e29b-41d4-a716-446655440003'::uuid, 'aaa00000-e29b-41d4-a716-446655440000'::uuid, 'START', '2026-05-11 07:27:42'::timestamptz, '2026-05-11'::date, null, null, null, null, 'de4a02a8-bf5a-4601-9002-5552f602ffd2'::uuid, 'legacy-sheet-import', '{"legacy_photo_url": "https://drive.google.com/file/d/1rJfIZ1ieP4Q-SbhHFzYwLL-7JgVd47a3/view?usp=drivesdk", "legacy_tipo": "Inicio de Jornada", "legacy_location_id": "aaa0000-e29b-41d4-a716-446655440000", "import_source": "legacy_sheet_csv"}'::jsonb, '2026-05-11 07:27:42'::timestamptz),
  ('478bebce-eee9-40ca-9c4e-9d38dfcd1249'::uuid, '550e8400-e29b-41d4-a716-446655440001'::uuid, 'aaa00000-e29b-41d4-a716-446655440000'::uuid, 'END', '2026-05-11 16:17:22'::timestamptz, '2026-05-11'::date, null, null, null, null, '478bebce-eee9-40ca-9c4e-9d38dfcd1249'::uuid, 'legacy-sheet-import', '{"legacy_photo_url": "https://drive.google.com/file/d/1A-b_VnXmkcQufjs5VIgcZqvH-Tr3AIVT/view?usp=drivesdk", "legacy_tipo": "Fin de Jornada", "legacy_location_id": "aaa0000-e29b-41d4-a716-446655440000", "import_source": "legacy_sheet_csv"}'::jsonb, '2026-05-11 16:17:22'::timestamptz),
  ('39637df4-fc4e-41cc-bb6b-4bbbc6ef8cc4'::uuid, '550e8400-e29b-41d4-a716-446655440004'::uuid, 'aaa00000-e29b-41d4-a716-446655440000'::uuid, 'END', '2026-05-11 16:18:38'::timestamptz, '2026-05-11'::date, null, null, null, null, '39637df4-fc4e-41cc-bb6b-4bbbc6ef8cc4'::uuid, 'legacy-sheet-import', '{"legacy_photo_url": "https://drive.google.com/file/d/1XnKO_ReR4ts9dezJ1ZFllSId8t0AQwPc/view?usp=drivesdk", "legacy_tipo": "Fin de Jornada", "legacy_location_id": "aaa0000-e29b-41d4-a716-446655440000", "import_source": "legacy_sheet_csv"}'::jsonb, '2026-05-11 16:18:38'::timestamptz),
  ('d4b1c733-f84c-4585-8e67-d2f032a21d6d'::uuid, '550e8400-e29b-41d4-a716-446655440003'::uuid, 'aaa00000-e29b-41d4-a716-446655440000'::uuid, 'END', '2026-05-11 16:18:51'::timestamptz, '2026-05-11'::date, null, null, null, null, 'd4b1c733-f84c-4585-8e67-d2f032a21d6d'::uuid, 'legacy-sheet-import', '{"legacy_photo_url": "https://drive.google.com/file/d/1W9mMgQiwtP3gm6LGHBasBtqETKO9PgE-/view?usp=drivesdk", "legacy_tipo": "Fin de Jornada", "legacy_location_id": "aaa0000-e29b-41d4-a716-446655440000", "import_source": "legacy_sheet_csv"}'::jsonb, '2026-05-11 16:18:51'::timestamptz),
  ('4bf8e285-063e-4c99-a79d-7d34e3b32d8f'::uuid, '550e8400-e29b-41d4-a716-446655440001'::uuid, 'aaa00000-e29b-41d4-a716-446655440000'::uuid, 'START', '2026-05-12 07:35:18'::timestamptz, '2026-05-12'::date, null, null, null, null, '4bf8e285-063e-4c99-a79d-7d34e3b32d8f'::uuid, 'legacy-sheet-import', '{"legacy_photo_url": "https://drive.google.com/file/d/1oVRmSEaVWnx03Bl_ea9xLguJDz6TSJRU/view?usp=drivesdk", "legacy_tipo": "Inicio de Jornada", "legacy_location_id": "aaa0000-e29b-41d4-a716-446655440000", "import_source": "legacy_sheet_csv"}'::jsonb, '2026-05-12 07:35:18'::timestamptz),
  ('ef9e3cf2-fbbe-444b-a2e9-9d28681a03fa'::uuid, '550e8400-e29b-41d4-a716-446655440001'::uuid, 'aaa00000-e29b-41d4-a716-446655440000'::uuid, 'START', '2026-05-12 07:37:06'::timestamptz, '2026-05-12'::date, null, null, null, null, 'ef9e3cf2-fbbe-444b-a2e9-9d28681a03fa'::uuid, 'legacy-sheet-import', '{"legacy_photo_url": "https://drive.google.com/file/d/1QvFj_i0FwLl_mrvlpqo0L7tzROLrhju6/view?usp=drivesdk", "legacy_tipo": "Inicio de Jornada", "legacy_location_id": "aaa0000-e29b-41d4-a716-446655440000", "import_source": "legacy_sheet_csv"}'::jsonb, '2026-05-12 07:37:06'::timestamptz),
  ('a5799cc8-c1c5-4b49-8aac-ca39cf598493'::uuid, '550e8400-e29b-41d4-a716-446655440004'::uuid, 'aaa00000-e29b-41d4-a716-446655440000'::uuid, 'START', '2026-05-12 07:37:15'::timestamptz, '2026-05-12'::date, null, null, null, null, 'a5799cc8-c1c5-4b49-8aac-ca39cf598493'::uuid, 'legacy-sheet-import', '{"legacy_photo_url": "https://drive.google.com/file/d/17fzFAbqrgbVnX3NuBiSo0_ZfNsAMDVhJ/view?usp=drivesdk", "legacy_tipo": "Inicio de Jornada", "legacy_location_id": "aaa0000-e29b-41d4-a716-446655440000", "import_source": "legacy_sheet_csv"}'::jsonb, '2026-05-12 07:37:15'::timestamptz),
  ('d22a0dd0-b1e3-42cc-8b26-4f8a6bef0d55'::uuid, '550e8400-e29b-41d4-a716-446655440003'::uuid, 'aaa00000-e29b-41d4-a716-446655440000'::uuid, 'START', '2026-05-12 07:52:06'::timestamptz, '2026-05-12'::date, null, null, null, null, 'd22a0dd0-b1e3-42cc-8b26-4f8a6bef0d55'::uuid, 'legacy-sheet-import', '{"legacy_photo_url": "https://drive.google.com/file/d/1K7ueHtCQ7nENBKO6xcQcRg1PcP5LEDCy/view?usp=drivesdk", "legacy_tipo": "Inicio de Jornada", "legacy_location_id": "aaa0000-e29b-41d4-a716-446655440000", "import_source": "legacy_sheet_csv"}'::jsonb, '2026-05-12 07:52:06'::timestamptz),
  ('8c64ce21-e48f-425d-aeff-f51041fe5b09'::uuid, '550e8400-e29b-41d4-a716-446655440004'::uuid, 'aaa00000-e29b-41d4-a716-446655440000'::uuid, 'END', '2026-05-12 14:41:24'::timestamptz, '2026-05-12'::date, null, null, null, null, '8c64ce21-e48f-425d-aeff-f51041fe5b09'::uuid, 'legacy-sheet-import', '{"legacy_photo_url": "https://drive.google.com/file/d/1Fjb4P3lKR6NCauREe0xOp2bUJ2vgMcqo/view?usp=drivesdk", "legacy_tipo": "Fin de Jornada", "legacy_location_id": "aaa0000-e29b-41d4-a716-446655440000", "import_source": "legacy_sheet_csv"}'::jsonb, '2026-05-12 14:41:24'::timestamptz),
  ('df42e88f-edd6-4fef-bb0f-1257fe22dfc9'::uuid, '550e8400-e29b-41d4-a716-446655440003'::uuid, 'aaa00000-e29b-41d4-a716-446655440000'::uuid, 'END', '2026-05-12 14:42:31'::timestamptz, '2026-05-12'::date, null, null, null, null, 'df42e88f-edd6-4fef-bb0f-1257fe22dfc9'::uuid, 'legacy-sheet-import', '{"legacy_photo_url": "https://drive.google.com/file/d/1QDW1OC8XXGFy4ZI1QSRktvLK2Zm7Y-Ln/view?usp=drivesdk", "legacy_tipo": "Fin de Jornada", "legacy_location_id": "aaa0000-e29b-41d4-a716-446655440000", "import_source": "legacy_sheet_csv"}'::jsonb, '2026-05-12 14:42:31'::timestamptz),
  ('723cd9cd-04df-486a-be0c-48427c230ab8'::uuid, '550e8400-e29b-41d4-a716-446655440001'::uuid, 'aaa00000-e29b-41d4-a716-446655440000'::uuid, 'END', '2026-05-13 07:34:20'::timestamptz, '2026-05-13'::date, null, null, null, null, '723cd9cd-04df-486a-be0c-48427c230ab8'::uuid, 'legacy-sheet-import', '{"legacy_photo_url": "https://drive.google.com/file/d/1wMDqSu2-T8oyx4_1IPXMynmQPDiRKI50/view?usp=drivesdk", "legacy_tipo": "Fin de Jornada", "legacy_location_id": "aaa0000-e29b-41d4-a716-446655440000", "import_source": "legacy_sheet_csv"}'::jsonb, '2026-05-13 07:34:20'::timestamptz),
  ('785dd2b1-6333-4bcb-b12a-b9da562a7469'::uuid, '550e8400-e29b-41d4-a716-446655440001'::uuid, 'aaa00000-e29b-41d4-a716-446655440000'::uuid, 'START', '2026-05-13 07:34:42'::timestamptz, '2026-05-13'::date, null, null, null, null, '785dd2b1-6333-4bcb-b12a-b9da562a7469'::uuid, 'legacy-sheet-import', '{"legacy_photo_url": "https://drive.google.com/file/d/1cFdXSGWu9jvg4K3jQexzgQP38kzIJ9E-/view?usp=drivesdk", "legacy_tipo": "Inicio de Jornada", "legacy_location_id": "aaa0000-e29b-41d4-a716-446655440000", "import_source": "legacy_sheet_csv"}'::jsonb, '2026-05-13 07:34:42'::timestamptz),
  ('99b7763f-e8b9-4359-9d0a-c49230382e79'::uuid, '550e8400-e29b-41d4-a716-446655440004'::uuid, 'aaa00000-e29b-41d4-a716-446655440000'::uuid, 'START', '2026-05-13 07:35:03'::timestamptz, '2026-05-13'::date, null, null, null, null, '99b7763f-e8b9-4359-9d0a-c49230382e79'::uuid, 'legacy-sheet-import', '{"legacy_photo_url": "https://drive.google.com/file/d/19BBVfLFMWhGoRRsbdEXwWWY4Z3f3KwJ2/view?usp=drivesdk", "legacy_tipo": "Inicio de Jornada", "legacy_location_id": "aaa0000-e29b-41d4-a716-446655440000", "import_source": "legacy_sheet_csv"}'::jsonb, '2026-05-13 07:35:03'::timestamptz),
  ('6ee03ac2-ecc0-40a5-9a70-54d407945ff8'::uuid, '550e8400-e29b-41d4-a716-446655440003'::uuid, 'aaa00000-e29b-41d4-a716-446655440000'::uuid, 'START', '2026-05-13 07:43:47'::timestamptz, '2026-05-13'::date, null, null, null, null, '6ee03ac2-ecc0-40a5-9a70-54d407945ff8'::uuid, 'legacy-sheet-import', '{"legacy_photo_url": "https://drive.google.com/file/d/1xNsIvq2D21lJnNfRf2BUlfLNM9yGFHzs/view?usp=drivesdk", "legacy_tipo": "Inicio de Jornada", "legacy_location_id": "aaa0000-e29b-41d4-a716-446655440000", "import_source": "legacy_sheet_csv"}'::jsonb, '2026-05-13 07:43:47'::timestamptz),
  ('66033d43-047e-4fd9-847f-6344acf0cf35'::uuid, '550e8400-e29b-41d4-a716-446655440001'::uuid, 'aaa00000-e29b-41d4-a716-446655440000'::uuid, 'END', '2026-05-13 15:53:58'::timestamptz, '2026-05-13'::date, null, null, null, null, '66033d43-047e-4fd9-847f-6344acf0cf35'::uuid, 'legacy-sheet-import', '{"legacy_photo_url": "https://drive.google.com/file/d/1ADmvPLJ1CAey29lXFybUi_Zgi8av9FlV/view?usp=drivesdk", "legacy_tipo": "Fin de Jornada", "legacy_location_id": "aaa0000-e29b-41d4-a716-446655440000", "import_source": "legacy_sheet_csv"}'::jsonb, '2026-05-13 15:53:58'::timestamptz),
  ('11bbdea8-1edc-4c10-b746-c6f6c0415c9f'::uuid, '550e8400-e29b-41d4-a716-446655440004'::uuid, 'aaa00000-e29b-41d4-a716-446655440000'::uuid, 'END', '2026-05-13 15:54:05'::timestamptz, '2026-05-13'::date, null, null, null, null, '11bbdea8-1edc-4c10-b746-c6f6c0415c9f'::uuid, 'legacy-sheet-import', '{"legacy_photo_url": "https://drive.google.com/file/d/1LzpAf7c-pPWAsj7ZzT5GtJLrgHgHST5D/view?usp=drivesdk", "legacy_tipo": "Fin de Jornada", "legacy_location_id": "aaa0000-e29b-41d4-a716-446655440000", "import_source": "legacy_sheet_csv"}'::jsonb, '2026-05-13 15:54:05'::timestamptz),
  ('59aa6ecd-838d-4f9b-93f0-ac21d70719f2'::uuid, '550e8400-e29b-41d4-a716-446655440003'::uuid, 'aaa00000-e29b-41d4-a716-446655440000'::uuid, 'END', '2026-05-13 16:04:54'::timestamptz, '2026-05-13'::date, null, null, null, null, '59aa6ecd-838d-4f9b-93f0-ac21d70719f2'::uuid, 'legacy-sheet-import', '{"legacy_photo_url": "https://drive.google.com/file/d/1RYSa8WDxhgPJ5ECu6GOquEw_09iM-w0X/view?usp=drivesdk", "legacy_tipo": "Fin de Jornada", "legacy_location_id": "aaa0000-e29b-41d4-a716-446655440000", "import_source": "legacy_sheet_csv"}'::jsonb, '2026-05-13 16:04:54'::timestamptz),
  ('de266bbe-ba09-4c87-a216-b2b9cf250b94'::uuid, '550e8400-e29b-41d4-a716-446655440001'::uuid, 'aaa00000-e29b-41d4-a716-446655440000'::uuid, 'START', '2026-05-14 08:07:56'::timestamptz, '2026-05-14'::date, null, null, null, null, 'de266bbe-ba09-4c87-a216-b2b9cf250b94'::uuid, 'legacy-sheet-import', '{"legacy_photo_url": "https://drive.google.com/file/d/1gUMkvAXl8lPORFHMojKH9-DKww7-FfYu/view?usp=drivesdk", "legacy_tipo": "Inicio de Jornada", "legacy_location_id": "aaa0000-e29b-41d4-a716-446655440000", "import_source": "legacy_sheet_csv"}'::jsonb, '2026-05-14 08:07:56'::timestamptz),
  ('df4cd510-b905-4c9d-bea3-8ef761b8bbd4'::uuid, '550e8400-e29b-41d4-a716-446655440004'::uuid, 'aaa00000-e29b-41d4-a716-446655440000'::uuid, 'START', '2026-05-14 08:11:22'::timestamptz, '2026-05-14'::date, null, null, null, null, 'df4cd510-b905-4c9d-bea3-8ef761b8bbd4'::uuid, 'legacy-sheet-import', '{"legacy_photo_url": "https://drive.google.com/file/d/1X_0_hEGh40v7BKzXKE-nDm3lZjmCSz6_/view?usp=drivesdk", "legacy_tipo": "Inicio de Jornada", "legacy_location_id": "aaa0000-e29b-41d4-a716-446655440000", "import_source": "legacy_sheet_csv"}'::jsonb, '2026-05-14 08:11:22'::timestamptz),
  ('05201370-cd4e-496c-ae1c-a61b7563eec6'::uuid, '550e8400-e29b-41d4-a716-446655440003'::uuid, 'aaa00000-e29b-41d4-a716-446655440000'::uuid, 'START', '2026-05-14 08:36:02'::timestamptz, '2026-05-14'::date, null, null, null, null, '05201370-cd4e-496c-ae1c-a61b7563eec6'::uuid, 'legacy-sheet-import', '{"legacy_photo_url": "https://drive.google.com/file/d/1UvkoLaCPJWLYQ58ZWnk9jVBWJxWIA3ne/view?usp=drivesdk", "legacy_tipo": "Inicio de Jornada", "legacy_location_id": "aaa0000-e29b-41d4-a716-446655440000", "import_source": "legacy_sheet_csv"}'::jsonb, '2026-05-14 08:36:02'::timestamptz),
  ('33a37bf9-c38c-4535-97e7-c13d98c04e0b'::uuid, '550e8400-e29b-41d4-a716-446655440004'::uuid, 'aaa00000-e29b-41d4-a716-446655440000'::uuid, 'END', '2026-05-14 15:53:47'::timestamptz, '2026-05-14'::date, null, null, null, null, '33a37bf9-c38c-4535-97e7-c13d98c04e0b'::uuid, 'legacy-sheet-import', '{"legacy_photo_url": "https://drive.google.com/file/d/1ti-smS8DI1uuZfaqmAOLY40TGNJkbhVL/view?usp=drivesdk", "legacy_tipo": "Fin de Jornada", "legacy_location_id": "aaa0000-e29b-41d4-a716-446655440000", "import_source": "legacy_sheet_csv"}'::jsonb, '2026-05-14 15:53:47'::timestamptz),
  ('5b4eec42-b0c8-4d61-8349-5c1668ca3c8a'::uuid, '550e8400-e29b-41d4-a716-446655440001'::uuid, 'aaa00000-e29b-41d4-a716-446655440000'::uuid, 'END', '2026-05-14 16:23:12'::timestamptz, '2026-05-14'::date, null, null, null, null, '5b4eec42-b0c8-4d61-8349-5c1668ca3c8a'::uuid, 'legacy-sheet-import', '{"legacy_photo_url": "https://drive.google.com/file/d/18ZXqb6HudwB9GrC-QGrrB8s7gBjHzsCM/view?usp=drivesdk", "legacy_tipo": "Fin de Jornada", "legacy_location_id": "aaa0000-e29b-41d4-a716-446655440000", "import_source": "legacy_sheet_csv"}'::jsonb, '2026-05-14 16:23:12'::timestamptz),
  ('b083d5b7-80fd-42db-a4f5-f699af73f4b4'::uuid, '550e8400-e29b-41d4-a716-446655440003'::uuid, 'aaa00000-e29b-41d4-a716-446655440000'::uuid, 'END', '2026-05-14 16:23:50'::timestamptz, '2026-05-14'::date, null, null, null, null, 'b083d5b7-80fd-42db-a4f5-f699af73f4b4'::uuid, 'legacy-sheet-import', '{"legacy_photo_url": "https://drive.google.com/file/d/1WOolkDZPMh1E4GR5DbI5G-HH7qpiI1pg/view?usp=drivesdk", "legacy_tipo": "Fin de Jornada", "legacy_location_id": "aaa0000-e29b-41d4-a716-446655440000", "import_source": "legacy_sheet_csv"}'::jsonb, '2026-05-14 16:23:50'::timestamptz),
  ('d16f84bb-2476-41d5-84c7-799f98728c63'::uuid, '550e8400-e29b-41d4-a716-446655440003'::uuid, 'aaa00000-e29b-41d4-a716-446655440000'::uuid, 'END', '2026-05-15 07:34:41'::timestamptz, '2026-05-15'::date, null, null, null, null, 'd16f84bb-2476-41d5-84c7-799f98728c63'::uuid, 'legacy-sheet-import', '{"legacy_photo_url": "https://drive.google.com/file/d/1ybEE_Zn7Cxjv4g65rFxHDZeq8Goo44XD/view?usp=drivesdk", "legacy_tipo": "Fin de Jornada", "legacy_location_id": "aaa0000-e29b-41d4-a716-446655440000", "import_source": "legacy_sheet_csv"}'::jsonb, '2026-05-15 07:34:41'::timestamptz),
  ('3ddfea1d-9c6b-4478-91e5-663720578f3d'::uuid, '550e8400-e29b-41d4-a716-446655440001'::uuid, 'aaa00000-e29b-41d4-a716-446655440000'::uuid, 'START', '2026-05-15 07:35:06'::timestamptz, '2026-05-15'::date, null, null, null, null, '3ddfea1d-9c6b-4478-91e5-663720578f3d'::uuid, 'legacy-sheet-import', '{"legacy_photo_url": "https://drive.google.com/file/d/18S69S2DLEqZN2XqW-dhu1ZRzRXikD4tK/view?usp=drivesdk", "legacy_tipo": "Inicio de Jornada", "legacy_location_id": "aaa0000-e29b-41d4-a716-446655440000", "import_source": "legacy_sheet_csv"}'::jsonb, '2026-05-15 07:35:06'::timestamptz),
  ('d9bbdd3e-a1cc-41b2-a6ca-154ce5836488'::uuid, '550e8400-e29b-41d4-a716-446655440004'::uuid, 'aaa00000-e29b-41d4-a716-446655440000'::uuid, 'START', '2026-05-15 07:35:27'::timestamptz, '2026-05-15'::date, null, null, null, null, 'd9bbdd3e-a1cc-41b2-a6ca-154ce5836488'::uuid, 'legacy-sheet-import', '{"legacy_photo_url": "https://drive.google.com/file/d/1rYV8I_xPplcn7ecjuXW1Vwc9UU72gAJe/view?usp=drivesdk", "legacy_tipo": "Inicio de Jornada", "legacy_location_id": "aaa0000-e29b-41d4-a716-446655440000", "import_source": "legacy_sheet_csv"}'::jsonb, '2026-05-15 07:35:27'::timestamptz),
  ('19a51459-1dd6-4356-876d-d6ef5264d74c'::uuid, '550e8400-e29b-41d4-a716-446655440003'::uuid, 'aaa00000-e29b-41d4-a716-446655440000'::uuid, 'START', '2026-05-15 07:44:48'::timestamptz, '2026-05-15'::date, null, null, null, null, '19a51459-1dd6-4356-876d-d6ef5264d74c'::uuid, 'legacy-sheet-import', '{"legacy_photo_url": "https://drive.google.com/file/d/1ry_xlhQxQymujWJTZfQ8ilU8ghpypDyY/view?usp=drivesdk", "legacy_tipo": "Inicio de Jornada", "legacy_location_id": "aaa0000-e29b-41d4-a716-446655440000", "import_source": "legacy_sheet_csv"}'::jsonb, '2026-05-15 07:44:48'::timestamptz),
  ('7a92ea79-8fda-44d6-9479-caf566356600'::uuid, '550e8400-e29b-41d4-a716-446655440004'::uuid, 'aaa00000-e29b-41d4-a716-446655440000'::uuid, 'END', '2026-05-15 16:37:37'::timestamptz, '2026-05-15'::date, null, null, null, null, '7a92ea79-8fda-44d6-9479-caf566356600'::uuid, 'legacy-sheet-import', '{"legacy_photo_url": "https://drive.google.com/file/d/1fYYWEont1rUvFMO4Ro7R0Qvxo4-vOUrH/view?usp=drivesdk", "legacy_tipo": "Fin de Jornada", "legacy_location_id": "aaa0000-e29b-41d4-a716-446655440000", "import_source": "legacy_sheet_csv"}'::jsonb, '2026-05-15 16:37:37'::timestamptz),
  ('cadc048c-3414-435b-a8ef-3e41e4e6cd83'::uuid, '550e8400-e29b-41d4-a716-446655440003'::uuid, 'aaa00000-e29b-41d4-a716-446655440000'::uuid, 'END', '2026-05-15 16:38:13'::timestamptz, '2026-05-15'::date, null, null, null, null, 'cadc048c-3414-435b-a8ef-3e41e4e6cd83'::uuid, 'legacy-sheet-import', '{"legacy_photo_url": "https://drive.google.com/file/d/18ig0aeGhTWiKrPQAgQGnEZSI5A-9sDok/view?usp=drivesdk", "legacy_tipo": "Fin de Jornada", "legacy_location_id": "aaa0000-e29b-41d4-a716-446655440000", "import_source": "legacy_sheet_csv"}'::jsonb, '2026-05-15 16:38:13'::timestamptz),
  ('6ef17c02-5243-4b92-a99d-2e87791977cc'::uuid, '550e8400-e29b-41d4-a716-446655440001'::uuid, 'aaa00000-e29b-41d4-a716-446655440000'::uuid, 'END', '2026-05-15 16:38:25'::timestamptz, '2026-05-15'::date, null, null, null, null, '6ef17c02-5243-4b92-a99d-2e87791977cc'::uuid, 'legacy-sheet-import', '{"legacy_photo_url": "https://drive.google.com/file/d/11YRU3WH_c8VjtuRSn5rOnOzdcNXmqZlR/view?usp=drivesdk", "legacy_tipo": "Fin de Jornada", "legacy_location_id": "aaa0000-e29b-41d4-a716-446655440000", "import_source": "legacy_sheet_csv"}'::jsonb, '2026-05-15 16:38:25'::timestamptz),
  ('fe68e9ae-7ceb-46bd-84b1-c7a4a66203ff'::uuid, '550e8400-e29b-41d4-a716-446655440001'::uuid, 'aaa00000-e29b-41d4-a716-446655440000'::uuid, 'START', '2026-05-18 07:46:38'::timestamptz, '2026-05-18'::date, null, null, null, null, 'fe68e9ae-7ceb-46bd-84b1-c7a4a66203ff'::uuid, 'legacy-sheet-import', '{"legacy_photo_url": "https://drive.google.com/file/d/1gk4ENw2v75cxWtvEmwDwGywFmuOdTFTl/view?usp=drivesdk", "legacy_tipo": "Inicio de Jornada", "legacy_location_id": "aaa0000-e29b-41d4-a716-446655440000", "import_source": "legacy_sheet_csv"}'::jsonb, '2026-05-18 07:46:38'::timestamptz),
  ('c692d667-aaae-43d8-a530-947df38b7b38'::uuid, '550e8400-e29b-41d4-a716-446655440004'::uuid, 'aaa00000-e29b-41d4-a716-446655440000'::uuid, 'START', '2026-05-18 07:55:28'::timestamptz, '2026-05-18'::date, null, null, null, null, 'c692d667-aaae-43d8-a530-947df38b7b38'::uuid, 'legacy-sheet-import', '{"legacy_photo_url": "https://drive.google.com/file/d/1CH-OkWbGARdDVin0YIrBqiv3WgefskF_/view?usp=drivesdk", "legacy_tipo": "Inicio de Jornada", "legacy_location_id": "aaa0000-e29b-41d4-a716-446655440000", "import_source": "legacy_sheet_csv"}'::jsonb, '2026-05-18 07:55:28'::timestamptz),
  ('b6d7de54-960a-4f5e-924b-6a6bbb035f83'::uuid, '550e8400-e29b-41d4-a716-446655440003'::uuid, 'aaa00000-e29b-41d4-a716-446655440000'::uuid, 'START', '2026-05-18 08:30:57'::timestamptz, '2026-05-18'::date, null, null, null, null, 'b6d7de54-960a-4f5e-924b-6a6bbb035f83'::uuid, 'legacy-sheet-import', '{"legacy_photo_url": "https://drive.google.com/file/d/141knHXZrIGYqnkbvMzXMX_o9VQJuuIeW/view?usp=drivesdk", "legacy_tipo": "Inicio de Jornada", "legacy_location_id": "aaa0000-e29b-41d4-a716-446655440000", "import_source": "legacy_sheet_csv"}'::jsonb, '2026-05-18 08:30:57'::timestamptz),
  ('71be6742-ac0d-46d7-aef7-cbb8f228f2f3'::uuid, '550e8400-e29b-41d4-a716-446655440003'::uuid, 'aaa00000-e29b-41d4-a716-446655440000'::uuid, 'START', '2026-05-18 16:08:10'::timestamptz, '2026-05-18'::date, null, null, null, null, '71be6742-ac0d-46d7-aef7-cbb8f228f2f3'::uuid, 'legacy-sheet-import', '{"legacy_photo_url": "https://drive.google.com/file/d/19KmlursoHbnY8n-hDPEXWONTGpvW20TI/view?usp=drivesdk", "legacy_tipo": "Inicio de Jornada", "legacy_location_id": "aaa0000-e29b-41d4-a716-446655440000", "import_source": "legacy_sheet_csv"}'::jsonb, '2026-05-18 16:08:10'::timestamptz),
  ('3c0cf6b2-ec51-43e0-bb63-baf3663e50c2'::uuid, '550e8400-e29b-41d4-a716-446655440001'::uuid, 'aaa00000-e29b-41d4-a716-446655440000'::uuid, 'END', '2026-05-18 16:08:19'::timestamptz, '2026-05-18'::date, null, null, null, null, '3c0cf6b2-ec51-43e0-bb63-baf3663e50c2'::uuid, 'legacy-sheet-import', '{"legacy_photo_url": "https://drive.google.com/file/d/1YCjH5JscDOTwRGiCYEefu77o1gcgkWpU/view?usp=drivesdk", "legacy_tipo": "Fin de Jornada", "legacy_location_id": "aaa0000-e29b-41d4-a716-446655440000", "import_source": "legacy_sheet_csv"}'::jsonb, '2026-05-18 16:08:19'::timestamptz),
  ('b151bb3a-ef2d-457f-8c2c-957d0f08b5b4'::uuid, '550e8400-e29b-41d4-a716-446655440004'::uuid, 'aaa00000-e29b-41d4-a716-446655440000'::uuid, 'END', '2026-05-18 16:08:28'::timestamptz, '2026-05-18'::date, null, null, null, null, 'b151bb3a-ef2d-457f-8c2c-957d0f08b5b4'::uuid, 'legacy-sheet-import', '{"legacy_photo_url": "https://drive.google.com/file/d/1f3f4Rh4wORn4XkD07uZTXPnyr8xT-p1w/view?usp=drivesdk", "legacy_tipo": "Fin de Jornada", "legacy_location_id": "aaa0000-e29b-41d4-a716-446655440000", "import_source": "legacy_sheet_csv"}'::jsonb, '2026-05-18 16:08:28'::timestamptz),
  ('d61d9eb4-c1ae-4d79-96a3-c849f3fd54b1'::uuid, '550e8400-e29b-41d4-a716-446655440003'::uuid, 'aaa00000-e29b-41d4-a716-446655440000'::uuid, 'END', '2026-05-18 16:10:30'::timestamptz, '2026-05-18'::date, null, null, null, null, 'd61d9eb4-c1ae-4d79-96a3-c849f3fd54b1'::uuid, 'legacy-sheet-import', '{"legacy_photo_url": "https://drive.google.com/file/d/110HGmQV-YW5tom47mGI01B-i2bINh2IN/view?usp=drivesdk", "legacy_tipo": "Fin de Jornada", "legacy_location_id": "aaa0000-e29b-41d4-a716-446655440000", "import_source": "legacy_sheet_csv"}'::jsonb, '2026-05-18 16:10:30'::timestamptz),
  ('686836e9-264f-4168-8e0b-fd3b9cefc121'::uuid, '550e8400-e29b-41d4-a716-446655440002'::uuid, 'aaa00000-e29b-41d4-a716-446655440000'::uuid, 'START', '2026-05-18 18:06:34'::timestamptz, '2026-05-18'::date, null, -34.68604028, -58.32853817, null, '686836e9-264f-4168-8e0b-fd3b9cefc121'::uuid, 'legacy-sheet-import', '{"legacy_photo_url": "https://drive.google.com/file/d/1SPt6hOWtD3x0W-HtbNx-pIAiyI3O2hla/view?usp=drivesdk", "legacy_tipo": "Inicio de Jornada", "legacy_location_id": "aaa0000-e29b-41d4-a716-446655440000", "import_source": "legacy_sheet_csv"}'::jsonb, '2026-05-18 18:06:34'::timestamptz),
  ('24a2e669-480a-4ffb-91f5-41dbcd7dfadc'::uuid, '550e8400-e29b-41d4-a716-446655440002'::uuid, 'aaa00000-e29b-41d4-a716-446655440000'::uuid, 'END', '2026-05-18 18:07:51'::timestamptz, '2026-05-18'::date, null, -34.68596282, -58.32850648, null, '24a2e669-480a-4ffb-91f5-41dbcd7dfadc'::uuid, 'legacy-sheet-import', '{"legacy_photo_url": "https://drive.google.com/file/d/1XhFI8r7dj8jrxiZXFfdrLWTzPb1T6Cgh/view?usp=drivesdk", "legacy_tipo": "Fin de Jornada", "legacy_location_id": "aaa0000-e29b-41d4-a716-446655440000", "import_source": "legacy_sheet_csv"}'::jsonb, '2026-05-18 18:07:51'::timestamptz),
  ('7bceed9b-56c2-4719-b674-ad0d65232b2b'::uuid, '550e8400-e29b-41d4-a716-446655440001'::uuid, 'aaa00000-e29b-41d4-a716-446655440000'::uuid, 'START', '2026-05-19 07:30:34'::timestamptz, '2026-05-19'::date, null, null, null, null, '7bceed9b-56c2-4719-b674-ad0d65232b2b'::uuid, 'legacy-sheet-import', '{"legacy_photo_url": "https://drive.google.com/file/d/1qvx37-9kDQgkM2jbSi8BHGrwmBuhSkj5/view?usp=drivesdk", "legacy_tipo": "Inicio de Jornada", "legacy_location_id": "aaa0000-e29b-41d4-a716-446655440000", "import_source": "legacy_sheet_csv"}'::jsonb, '2026-05-19 07:30:34'::timestamptz),
  ('757141de-84fb-45dc-8257-f6ed07f36c94'::uuid, '550e8400-e29b-41d4-a716-446655440004'::uuid, 'aaa00000-e29b-41d4-a716-446655440000'::uuid, 'START', '2026-05-19 07:31:01'::timestamptz, '2026-05-19'::date, null, null, null, null, '757141de-84fb-45dc-8257-f6ed07f36c94'::uuid, 'legacy-sheet-import', '{"legacy_photo_url": "https://drive.google.com/file/d/1_uV9EMwLgfJnliE2fJO-jN1qfZzdclZq/view?usp=drivesdk", "legacy_tipo": "Inicio de Jornada", "legacy_location_id": "aaa0000-e29b-41d4-a716-446655440000", "import_source": "legacy_sheet_csv"}'::jsonb, '2026-05-19 07:31:01'::timestamptz),
  ('29f104e9-4bdc-44c2-b7be-b82be6ccd292'::uuid, '550e8400-e29b-41d4-a716-446655440003'::uuid, 'aaa00000-e29b-41d4-a716-446655440000'::uuid, 'START', '2026-05-19 07:55:50'::timestamptz, '2026-05-19'::date, null, null, null, null, '29f104e9-4bdc-44c2-b7be-b82be6ccd292'::uuid, 'legacy-sheet-import', '{"legacy_photo_url": "https://drive.google.com/file/d/1h5xGXCeHg6ZrQ-LO0p26fkyyqau8329N/view?usp=drivesdk", "legacy_tipo": "Inicio de Jornada", "legacy_location_id": "aaa0000-e29b-41d4-a716-446655440000", "import_source": "legacy_sheet_csv"}'::jsonb, '2026-05-19 07:55:50'::timestamptz),
  ('e95a6ee2-615d-45ed-a026-1715c4872bf2'::uuid, '550e8400-e29b-41d4-a716-446655440001'::uuid, 'aaa00000-e29b-41d4-a716-446655440000'::uuid, 'END', '2026-05-19 15:32:46'::timestamptz, '2026-05-19'::date, null, null, null, null, 'e95a6ee2-615d-45ed-a026-1715c4872bf2'::uuid, 'legacy-sheet-import', '{"legacy_photo_url": "https://drive.google.com/file/d/1GhHWIrvUAEOtwlDugQnL_rd6hFEnocqA/view?usp=drivesdk", "legacy_tipo": "Fin de Jornada", "legacy_location_id": "aaa0000-e29b-41d4-a716-446655440000", "import_source": "legacy_sheet_csv"}'::jsonb, '2026-05-19 15:32:46'::timestamptz),
  ('bf513447-8ce2-4ab0-a441-364e901f5eb7'::uuid, '550e8400-e29b-41d4-a716-446655440004'::uuid, 'aaa00000-e29b-41d4-a716-446655440000'::uuid, 'START', '2026-05-19 15:35:25'::timestamptz, '2026-05-19'::date, null, null, null, null, 'bf513447-8ce2-4ab0-a441-364e901f5eb7'::uuid, 'legacy-sheet-import', '{"legacy_photo_url": "https://drive.google.com/file/d/1yKvHmvZxgLGZHWnPz6XJCCTx2vsLUSEN/view?usp=drivesdk", "legacy_tipo": "Inicio de Jornada", "legacy_location_id": "aaa0000-e29b-41d4-a716-446655440000", "import_source": "legacy_sheet_csv"}'::jsonb, '2026-05-19 15:35:25'::timestamptz),
  ('96bf9b18-e430-4748-98da-ccb09267dd7c'::uuid, '550e8400-e29b-41d4-a716-446655440004'::uuid, 'aaa00000-e29b-41d4-a716-446655440000'::uuid, 'START', '2026-05-20 07:26:23'::timestamptz, '2026-05-20'::date, null, null, null, null, '96bf9b18-e430-4748-98da-ccb09267dd7c'::uuid, 'legacy-sheet-import', '{"legacy_photo_url": "https://drive.google.com/file/d/1Nng_fbbXes5S0aUqsx-_ScQvcy8xH46u/view?usp=drivesdk", "legacy_tipo": "Inicio de Jornada", "legacy_location_id": "aaa0000-e29b-41d4-a716-446655440000", "import_source": "legacy_sheet_csv"}'::jsonb, '2026-05-20 07:26:23'::timestamptz),
  ('7076b587-f9f0-416b-81b5-3e08139b25d7'::uuid, '550e8400-e29b-41d4-a716-446655440004'::uuid, 'aaa00000-e29b-41d4-a716-446655440000'::uuid, 'START', '2026-05-20 07:33:37'::timestamptz, '2026-05-20'::date, null, null, null, null, '7076b587-f9f0-416b-81b5-3e08139b25d7'::uuid, 'legacy-sheet-import', '{"legacy_photo_url": "https://drive.google.com/file/d/1BGskr4dojf-500kDCEjhICzsyjnoct0O/view?usp=drivesdk", "legacy_tipo": "Inicio de Jornada", "legacy_location_id": "aaa0000-e29b-41d4-a716-446655440000", "import_source": "legacy_sheet_csv"}'::jsonb, '2026-05-20 07:33:37'::timestamptz),
  ('88e19c1e-9eb0-4e80-bb53-9db915c2f8a7'::uuid, '550e8400-e29b-41d4-a716-446655440003'::uuid, 'aaa00000-e29b-41d4-a716-446655440000'::uuid, 'START', '2026-05-20 07:42:32'::timestamptz, '2026-05-20'::date, null, null, null, null, '88e19c1e-9eb0-4e80-bb53-9db915c2f8a7'::uuid, 'legacy-sheet-import', '{"legacy_photo_url": "https://drive.google.com/file/d/1_qTkNO0Y_llHHYNoLFqtedUz-q_eDTdk/view?usp=drivesdk", "legacy_tipo": "Inicio de Jornada", "legacy_location_id": "aaa0000-e29b-41d4-a716-446655440000", "import_source": "legacy_sheet_csv"}'::jsonb, '2026-05-20 07:42:32'::timestamptz),
  ('33993051-c349-4110-9dea-3b3c578295da'::uuid, '550e8400-e29b-41d4-a716-446655440001'::uuid, 'aaa00000-e29b-41d4-a716-446655440000'::uuid, 'START', '2026-05-21 07:18:18'::timestamptz, '2026-05-21'::date, null, null, null, null, '33993051-c349-4110-9dea-3b3c578295da'::uuid, 'legacy-sheet-import', '{"legacy_photo_url": "https://drive.google.com/file/d/1NWnVv0JageDG5rD9E0LzIXAFPbsExN1w/view?usp=drivesdk", "legacy_tipo": "Inicio de Jornada", "legacy_location_id": "aaa0000-e29b-41d4-a716-446655440000", "import_source": "legacy_sheet_csv"}'::jsonb, '2026-05-21 07:18:18'::timestamptz),
  ('b0fa0857-300e-4639-8e5d-236dd66d7a9f'::uuid, '550e8400-e29b-41d4-a716-446655440004'::uuid, 'aaa00000-e29b-41d4-a716-446655440000'::uuid, 'START', '2026-05-21 07:28:09'::timestamptz, '2026-05-21'::date, null, null, null, null, 'b0fa0857-300e-4639-8e5d-236dd66d7a9f'::uuid, 'legacy-sheet-import', '{"legacy_photo_url": "https://drive.google.com/file/d/1HO_hEgZCCmSdeJhprPfAfuiY2b9rgiDl/view?usp=drivesdk", "legacy_tipo": "Inicio de Jornada", "legacy_location_id": "aaa0000-e29b-41d4-a716-446655440000", "import_source": "legacy_sheet_csv"}'::jsonb, '2026-05-21 07:28:09'::timestamptz),
  ('d160ad34-db35-42a0-b0f8-22a6687b3239'::uuid, '550e8400-e29b-41d4-a716-446655440001'::uuid, 'aaa00000-e29b-41d4-a716-446655440000'::uuid, 'START', '2026-05-22 07:51:18'::timestamptz, '2026-05-22'::date, null, null, null, null, 'd160ad34-db35-42a0-b0f8-22a6687b3239'::uuid, 'legacy-sheet-import', '{"legacy_photo_url": "https://drive.google.com/file/d/1cxRlCJOst-4mtu7xvimA0YLPvt4m34vQ/view?usp=drivesdk", "legacy_tipo": "Inicio de Jornada", "legacy_location_id": "aaa0000-e29b-41d4-a716-446655440000", "import_source": "legacy_sheet_csv"}'::jsonb, '2026-05-22 07:51:18'::timestamptz),
  ('0a94fc13-aa2d-4b87-9cea-4a9cb45acd90'::uuid, '550e8400-e29b-41d4-a716-446655440004'::uuid, 'aaa00000-e29b-41d4-a716-446655440000'::uuid, 'START', '2026-05-22 08:00:15'::timestamptz, '2026-05-22'::date, null, null, null, null, '0a94fc13-aa2d-4b87-9cea-4a9cb45acd90'::uuid, 'legacy-sheet-import', '{"legacy_photo_url": "https://drive.google.com/file/d/1aIHwBI4CA_ufIqt5vQFVjqAhCuEsJZdY/view?usp=drivesdk", "legacy_tipo": "Inicio de Jornada", "legacy_location_id": "aaa0000-e29b-41d4-a716-446655440000", "import_source": "legacy_sheet_csv"}'::jsonb, '2026-05-22 08:00:15'::timestamptz),
  ('3449dbd7-c073-44ae-9fd8-6822d2c5b91e'::uuid, '550e8400-e29b-41d4-a716-446655440001'::uuid, 'aaa00000-e29b-41d4-a716-446655440000'::uuid, 'END', '2026-05-22 16:39:30'::timestamptz, '2026-05-22'::date, null, null, null, null, '3449dbd7-c073-44ae-9fd8-6822d2c5b91e'::uuid, 'legacy-sheet-import', '{"legacy_photo_url": "https://drive.google.com/file/d/1bayFyKgJG4YFNVNYEvALqtUFsHwrMzVE/view?usp=drivesdk", "legacy_tipo": "Fin de Jornada", "legacy_location_id": "aaa0000-e29b-41d4-a716-446655440000", "import_source": "legacy_sheet_csv"}'::jsonb, '2026-05-22 16:39:30'::timestamptz),
  ('6ab48c00-7e1a-4a80-8847-ad6aba203c0b'::uuid, '550e8400-e29b-41d4-a716-446655440001'::uuid, 'aaa00000-e29b-41d4-a716-446655440000'::uuid, 'END', '2026-05-23 07:41:41'::timestamptz, '2026-05-23'::date, null, null, null, null, '6ab48c00-7e1a-4a80-8847-ad6aba203c0b'::uuid, 'legacy-sheet-import', '{"legacy_photo_url": "https://drive.google.com/file/d/1tMiavMGrDET8OIgCbE4SCemmhE2zIFf7/view?usp=drivesdk", "legacy_tipo": "Fin de Jornada", "legacy_location_id": "aaa0000-e29b-41d4-a716-446655440000", "import_source": "legacy_sheet_csv"}'::jsonb, '2026-05-23 07:41:41'::timestamptz),
  ('64c4a67b-9e9c-460e-9500-f210ea189810'::uuid, '550e8400-e29b-41d4-a716-446655440001'::uuid, 'aaa00000-e29b-41d4-a716-446655440000'::uuid, 'START', '2026-05-23 07:42:32'::timestamptz, '2026-05-23'::date, null, null, null, null, '64c4a67b-9e9c-460e-9500-f210ea189810'::uuid, 'legacy-sheet-import', '{"legacy_photo_url": "https://drive.google.com/file/d/1rdy5Uiaz59kUL3IE0sPW-hU_wuumiSiI/view?usp=drivesdk", "legacy_tipo": "Inicio de Jornada", "legacy_location_id": "aaa0000-e29b-41d4-a716-446655440000", "import_source": "legacy_sheet_csv"}'::jsonb, '2026-05-23 07:42:32'::timestamptz),
  ('fd705086-98da-4930-99a0-babd1b3af81f'::uuid, '550e8400-e29b-41d4-a716-446655440004'::uuid, 'aaa00000-e29b-41d4-a716-446655440000'::uuid, 'START', '2026-05-23 07:43:11'::timestamptz, '2026-05-23'::date, null, null, null, null, 'fd705086-98da-4930-99a0-babd1b3af81f'::uuid, 'legacy-sheet-import', '{"legacy_photo_url": "https://drive.google.com/file/d/1Aidg0pp7nt_MPgN0OWA9RVcB3Ya4UgVz/view?usp=drivesdk", "legacy_tipo": "Inicio de Jornada", "legacy_location_id": "aaa0000-e29b-41d4-a716-446655440000", "import_source": "legacy_sheet_csv"}'::jsonb, '2026-05-23 07:43:11'::timestamptz),
  ('ccfac120-7ab5-4070-bbf9-177db12e8f49'::uuid, '550e8400-e29b-41d4-a716-446655440001'::uuid, 'aaa00000-e29b-41d4-a716-446655440000'::uuid, 'END', '2026-05-25 07:28:49'::timestamptz, '2026-05-25'::date, null, null, null, null, 'ccfac120-7ab5-4070-bbf9-177db12e8f49'::uuid, 'legacy-sheet-import', '{"legacy_photo_url": "https://drive.google.com/file/d/1CzuezVmleTb-hmnN_gl2k-qnv7cblPJL/view?usp=drivesdk", "legacy_tipo": "Fin de Jornada", "legacy_location_id": "aaa0000-e29b-41d4-a716-446655440000", "import_source": "legacy_sheet_csv"}'::jsonb, '2026-05-25 07:28:49'::timestamptz),
  ('a43c347c-414d-4d01-addb-d9d18f9157c3'::uuid, '550e8400-e29b-41d4-a716-446655440001'::uuid, 'aaa00000-e29b-41d4-a716-446655440000'::uuid, 'START', '2026-05-25 07:29:10'::timestamptz, '2026-05-25'::date, null, null, null, null, 'a43c347c-414d-4d01-addb-d9d18f9157c3'::uuid, 'legacy-sheet-import', '{"legacy_photo_url": "https://drive.google.com/file/d/12y4C8AiW6d64sLxLBLuPxQZ5mckWE4uk/view?usp=drivesdk", "legacy_tipo": "Inicio de Jornada", "legacy_location_id": "aaa0000-e29b-41d4-a716-446655440000", "import_source": "legacy_sheet_csv"}'::jsonb, '2026-05-25 07:29:10'::timestamptz),
  ('1dd3a7c4-bd65-44f0-9978-2b27d279d481'::uuid, '550e8400-e29b-41d4-a716-446655440001'::uuid, 'aaa00000-e29b-41d4-a716-446655440000'::uuid, 'END', '2026-05-26 07:34:14'::timestamptz, '2026-05-26'::date, null, null, null, null, '1dd3a7c4-bd65-44f0-9978-2b27d279d481'::uuid, 'legacy-sheet-import', '{"legacy_photo_url": "https://drive.google.com/file/d/138SrfzLI-F1BdMd5UM6HDW-ox-n_luEy/view?usp=drivesdk", "legacy_tipo": "Fin de Jornada", "legacy_location_id": "aaa0000-e29b-41d4-a716-446655440000", "import_source": "legacy_sheet_csv"}'::jsonb, '2026-05-26 07:34:14'::timestamptz),
  ('ae8b0407-97cc-4ced-8f24-02f7e8d6337a'::uuid, '550e8400-e29b-41d4-a716-446655440001'::uuid, 'aaa00000-e29b-41d4-a716-446655440000'::uuid, 'START', '2026-05-26 12:39:30'::timestamptz, '2026-05-26'::date, null, null, null, null, 'ae8b0407-97cc-4ced-8f24-02f7e8d6337a'::uuid, 'legacy-sheet-import', '{"legacy_photo_url": "https://drive.google.com/file/d/1-ryAOr4CSUDwV3U7K0hSWKFQ0VLhNrbY/view?usp=drivesdk", "legacy_tipo": "Inicio de Jornada", "legacy_location_id": "aaa0000-e29b-41d4-a716-446655440000", "import_source": "legacy_sheet_csv"}'::jsonb, '2026-05-26 12:39:30'::timestamptz),
  ('b084b125-99fd-4b0b-a248-db5959f96f65'::uuid, '550e8400-e29b-41d4-a716-446655440001'::uuid, 'aaa00000-e29b-41d4-a716-446655440000'::uuid, 'START', '2026-05-30 08:13:55'::timestamptz, '2026-05-30'::date, null, null, null, null, 'b084b125-99fd-4b0b-a248-db5959f96f65'::uuid, 'legacy-sheet-import', '{"legacy_photo_url": "https://drive.google.com/file/d/1HN1LkXXllE91mppmY1_r-CK7YlALHMiv/view?usp=drivesdk", "legacy_tipo": "Inicio de Jornada", "legacy_location_id": "aaa0000-e29b-41d4-a716-446655440000", "import_source": "legacy_sheet_csv"}'::jsonb, '2026-05-30 08:13:55'::timestamptz),
  ('d3d74648-f70d-4b4b-816d-2df6a34e5aaa'::uuid, '550e8400-e29b-41d4-a716-446655440001'::uuid, 'aaa00000-e29b-41d4-a716-446655440000'::uuid, 'START', '2026-06-01 08:06:26'::timestamptz, '2026-06-01'::date, null, null, null, null, 'd3d74648-f70d-4b4b-816d-2df6a34e5aaa'::uuid, 'legacy-sheet-import', '{"legacy_photo_url": "https://drive.google.com/file/d/1Puzx8y7bCCAS0FQUiYwA3Izj2j1dkkFS/view?usp=drivesdk", "legacy_tipo": "Inicio de Jornada", "legacy_location_id": "aaa0000-e29b-41d4-a716-446655440000", "import_source": "legacy_sheet_csv"}'::jsonb, '2026-06-01 08:06:26'::timestamptz),
  ('f4f9ad8e-0c9a-423b-a1a5-09d8167c36ba'::uuid, '550e8400-e29b-41d4-a716-446655440001'::uuid, 'aaa00000-e29b-41d4-a716-446655440000'::uuid, 'START', '2026-06-05 07:41:34'::timestamptz, '2026-06-05'::date, null, null, null, null, 'f4f9ad8e-0c9a-423b-a1a5-09d8167c36ba'::uuid, 'legacy-sheet-import', '{"legacy_photo_url": "https://drive.google.com/file/d/1w5mXdUwtia172q25eAjCVukEXG12LPFa/view?usp=drivesdk", "legacy_tipo": "Inicio de Jornada", "legacy_location_id": "aaa0000-e29b-41d4-a716-446655440000", "import_source": "legacy_sheet_csv"}'::jsonb, '2026-06-05 07:41:34'::timestamptz),
  ('3de6c518-c760-4ba8-bb70-c4ff957639a8'::uuid, '550e8400-e29b-41d4-a716-446655440001'::uuid, 'aaa00000-e29b-41d4-a716-446655440000'::uuid, 'START', '2026-06-05 07:42:34'::timestamptz, '2026-06-05'::date, null, null, null, null, '3de6c518-c760-4ba8-bb70-c4ff957639a8'::uuid, 'legacy-sheet-import', '{"legacy_photo_url": "https://drive.google.com/file/d/1W8wKxWMPjk3Ubn0RojdlysxNNBBpqrfc/view?usp=drivesdk", "legacy_tipo": "Inicio de Jornada", "legacy_location_id": "aaa0000-e29b-41d4-a716-446655440000", "import_source": "legacy_sheet_csv"}'::jsonb, '2026-06-05 07:42:34'::timestamptz),
  ('859f9a04-e2f3-421b-b22a-d90f3de5f7e1'::uuid, '550e8400-e29b-41d4-a716-446655440001'::uuid, 'aaa00000-e29b-41d4-a716-446655440000'::uuid, 'START', '2026-06-08 07:27:03'::timestamptz, '2026-06-08'::date, null, null, null, null, '859f9a04-e2f3-421b-b22a-d90f3de5f7e1'::uuid, 'legacy-sheet-import', '{"legacy_photo_url": "https://drive.google.com/file/d/1dkLuAqvAoD3_Qa_6uUGUtuMlm0EjTw8c/view?usp=drivesdk", "legacy_tipo": "Inicio de Jornada", "legacy_location_id": "aaa0000-e29b-41d4-a716-446655440000", "import_source": "legacy_sheet_csv"}'::jsonb, '2026-06-08 07:27:03'::timestamptz),
  ('2c41885f-7119-46bb-a02a-f1ae1f4e94f2'::uuid, '550e8400-e29b-41d4-a716-446655440001'::uuid, 'aaa00000-e29b-41d4-a716-446655440000'::uuid, 'START', '2026-06-12 07:41:09'::timestamptz, '2026-06-12'::date, null, null, null, null, '2c41885f-7119-46bb-a02a-f1ae1f4e94f2'::uuid, 'legacy-sheet-import', '{"legacy_photo_url": "https://drive.google.com/file/d/1j9SKYmOELSFag9oDxxUrFsEYCHI7A4Vh/view?usp=drivesdk", "legacy_tipo": "Inicio de Jornada", "legacy_location_id": "aaa0000-e29b-41d4-a716-446655440000", "import_source": "legacy_sheet_csv"}'::jsonb, '2026-06-12 07:41:09'::timestamptz),
  ('0abe711f-cfcc-4cce-a337-5c62965ced26'::uuid, '550e8400-e29b-41d4-a716-446655440001'::uuid, 'aaa00000-e29b-41d4-a716-446655440000'::uuid, 'START', '2026-06-12 07:41:34'::timestamptz, '2026-06-12'::date, null, null, null, null, '0abe711f-cfcc-4cce-a337-5c62965ced26'::uuid, 'legacy-sheet-import', '{"legacy_photo_url": "https://drive.google.com/file/d/1cIZKPTHLrAFpuaAprbokHmE5eJ3Axt1M/view?usp=drivesdk", "legacy_tipo": "Inicio de Jornada", "legacy_location_id": "aaa0000-e29b-41d4-a716-446655440000", "import_source": "legacy_sheet_csv"}'::jsonb, '2026-06-12 07:41:34'::timestamptz),
  ('3f3f888b-a1a6-497f-8ed5-407aef74c65b'::uuid, '550e8400-e29b-41d4-a716-446655440001'::uuid, 'aaa00000-e29b-41d4-a716-446655440000'::uuid, 'START', '2026-06-15 07:51:52'::timestamptz, '2026-06-15'::date, null, null, null, null, '3f3f888b-a1a6-497f-8ed5-407aef74c65b'::uuid, 'legacy-sheet-import', '{"legacy_photo_url": "https://drive.google.com/file/d/1-XtOGQ1bANa5juUGnf87LMHDx_ytt2m3/view?usp=drivesdk", "legacy_tipo": "Inicio de Jornada", "legacy_location_id": "aaa0000-e29b-41d4-a716-446655440000", "import_source": "legacy_sheet_csv"}'::jsonb, '2026-06-15 07:51:52'::timestamptz),
  ('ab5a6e16-9b82-4d5f-a5bd-48d34fc9de37'::uuid, '550e8400-e29b-41d4-a716-446655440001'::uuid, 'aaa00000-e29b-41d4-a716-446655440000'::uuid, 'START', '2026-06-18 07:42:44'::timestamptz, '2026-06-18'::date, null, null, null, null, 'ab5a6e16-9b82-4d5f-a5bd-48d34fc9de37'::uuid, 'legacy-sheet-import', '{"legacy_photo_url": "https://drive.google.com/file/d/1LhoJLccvE70ABxBvFG-uI3vB4gg4Uwwd/view?usp=drivesdk", "legacy_tipo": "Inicio de Jornada", "legacy_location_id": "aaa0000-e29b-41d4-a716-446655440000", "import_source": "legacy_sheet_csv"}'::jsonb, '2026-06-18 07:42:44'::timestamptz),
  ('aaa269fa-8ae3-48c8-8870-5bbcca99c286'::uuid, '550e8400-e29b-41d4-a716-446655440001'::uuid, 'aaa00000-e29b-41d4-a716-446655440000'::uuid, 'START', '2026-06-18 07:42:58'::timestamptz, '2026-06-18'::date, null, null, null, null, 'aaa269fa-8ae3-48c8-8870-5bbcca99c286'::uuid, 'legacy-sheet-import', '{"legacy_photo_url": "https://drive.google.com/file/d/1Vje2xigg51nnjyeOsMR2x8zrkkSHKMKt/view?usp=drivesdk", "legacy_tipo": "Inicio de Jornada", "legacy_location_id": "aaa0000-e29b-41d4-a716-446655440000", "import_source": "legacy_sheet_csv"}'::jsonb, '2026-06-18 07:42:58'::timestamptz),
  ('d27c9692-985e-4fa5-9ad9-72e246b9f425'::uuid, '550e8400-e29b-41d4-a716-446655440001'::uuid, 'aaa00000-e29b-41d4-a716-446655440000'::uuid, 'START', '2026-06-19 07:38:56'::timestamptz, '2026-06-19'::date, null, null, null, null, 'd27c9692-985e-4fa5-9ad9-72e246b9f425'::uuid, 'legacy-sheet-import', '{"legacy_photo_url": "https://drive.google.com/file/d/1ju5dSK5qZGKO1a4Q-7JTytoctUXEBVPE/view?usp=drivesdk", "legacy_tipo": "Inicio de Jornada", "legacy_location_id": "aaa0000-e29b-41d4-a716-446655440000", "import_source": "legacy_sheet_csv"}'::jsonb, '2026-06-19 07:38:56'::timestamptz),
  ('224e1348-862c-42c3-b6ad-b28d4e1f3581'::uuid, '550e8400-e29b-41d4-a716-446655440001'::uuid, 'aaa00000-e29b-41d4-a716-446655440000'::uuid, 'START', '2026-06-19 07:39:12'::timestamptz, '2026-06-19'::date, null, null, null, null, '224e1348-862c-42c3-b6ad-b28d4e1f3581'::uuid, 'legacy-sheet-import', '{"legacy_photo_url": "https://drive.google.com/file/d/1aJ_-o7WpZ7v0aCGRcDM6_1kWTqiyDYA7/view?usp=drivesdk", "legacy_tipo": "Inicio de Jornada", "legacy_location_id": "aaa0000-e29b-41d4-a716-446655440000", "import_source": "legacy_sheet_csv"}'::jsonb, '2026-06-19 07:39:12'::timestamptz),
  ('35292dc7-c5bb-42eb-816f-34068281e6d0'::uuid, '550e8400-e29b-41d4-a716-446655440001'::uuid, 'aaa00000-e29b-41d4-a716-446655440000'::uuid, 'START', '2026-06-22 07:38:59'::timestamptz, '2026-06-22'::date, null, null, null, null, '35292dc7-c5bb-42eb-816f-34068281e6d0'::uuid, 'legacy-sheet-import', '{"legacy_photo_url": "https://drive.google.com/file/d/1WzfUIsiw0tKdzqKAlb2PjvTbPUQWSicK/view?usp=drivesdk", "legacy_tipo": "Inicio de Jornada", "legacy_location_id": "aaa0000-e29b-41d4-a716-446655440000", "import_source": "legacy_sheet_csv"}'::jsonb, '2026-06-22 07:38:59'::timestamptz),
  ('05f8986e-dad5-4781-8d5d-7efd7836eee8'::uuid, '550e8400-e29b-41d4-a716-446655440001'::uuid, 'aaa00000-e29b-41d4-a716-446655440000'::uuid, 'START', '2026-06-23 07:41:11'::timestamptz, '2026-06-23'::date, null, null, null, null, '05f8986e-dad5-4781-8d5d-7efd7836eee8'::uuid, 'legacy-sheet-import', '{"legacy_photo_url": "https://drive.google.com/file/d/17iufrmEBo_c20Q8uCrqGHjEDglEKJSVJ/view?usp=drivesdk", "legacy_tipo": "Inicio de Jornada", "legacy_location_id": "aaa0000-e29b-41d4-a716-446655440000", "import_source": "legacy_sheet_csv"}'::jsonb, '2026-06-23 07:41:11'::timestamptz),
  ('b806355d-5831-4641-a11a-8fccbf42f1cb'::uuid, '550e8400-e29b-41d4-a716-446655440001'::uuid, 'aaa00000-e29b-41d4-a716-446655440000'::uuid, 'START', '2026-06-25 07:50:28'::timestamptz, '2026-06-25'::date, null, null, null, null, 'b806355d-5831-4641-a11a-8fccbf42f1cb'::uuid, 'legacy-sheet-import', '{"legacy_photo_url": "https://drive.google.com/file/d/1E3K4v7UeqPPO-xssAdNt92lwBrJ3Mw3n/view?usp=drivesdk", "legacy_tipo": "Inicio de Jornada", "legacy_location_id": "aaa0000-e29b-41d4-a716-446655440000", "import_source": "legacy_sheet_csv"}'::jsonb, '2026-06-25 07:50:28'::timestamptz),
  ('5e28c066-b382-4b54-9389-7df789ed0527'::uuid, '550e8400-e29b-41d4-a716-446655440001'::uuid, 'aaa00000-e29b-41d4-a716-446655440000'::uuid, 'START', '2026-06-29 07:38:55'::timestamptz, '2026-06-29'::date, null, null, null, null, '5e28c066-b382-4b54-9389-7df789ed0527'::uuid, 'legacy-sheet-import', '{"legacy_photo_url": "https://drive.google.com/file/d/1zenc9PTCJ3qGHYIub-a-s6IxlKlATMI0/view?usp=drivesdk", "legacy_tipo": "Inicio de Jornada", "legacy_location_id": "aaa0000-e29b-41d4-a716-446655440000", "import_source": "legacy_sheet_csv"}'::jsonb, '2026-06-29 07:38:55'::timestamptz),
  ('b3b0d999-ecd3-451f-82fc-e346f01f3784'::uuid, '550e8400-e29b-41d4-a716-446655440001'::uuid, 'aaa00000-e29b-41d4-a716-446655440000'::uuid, 'START', '2026-06-29 07:39:45'::timestamptz, '2026-06-29'::date, null, null, null, null, 'b3b0d999-ecd3-451f-82fc-e346f01f3784'::uuid, 'legacy-sheet-import', '{"legacy_photo_url": "https://drive.google.com/file/d/17PeCx_edL6acB0u1OAXNSVNLqCVKI8hI/view?usp=drivesdk", "legacy_tipo": "Inicio de Jornada", "legacy_location_id": "aaa0000-e29b-41d4-a716-446655440000", "import_source": "legacy_sheet_csv"}'::jsonb, '2026-06-29 07:39:45'::timestamptz),
  ('cc4fbf61-b36c-48a7-a888-c0b9cc8768c1'::uuid, '550e8400-e29b-41d4-a716-446655440001'::uuid, 'aaa00000-e29b-41d4-a716-446655440000'::uuid, 'START', '2026-07-08 07:47:02'::timestamptz, '2026-07-08'::date, null, null, null, null, 'cc4fbf61-b36c-48a7-a888-c0b9cc8768c1'::uuid, 'legacy-sheet-import', '{"legacy_photo_url": "https://drive.google.com/file/d/1CGOJXVte6cnrZlzxNHk5RaFtfAJvsjnW/view?usp=drivesdk", "legacy_tipo": "Inicio de Jornada", "legacy_location_id": "aaa0000-e29b-41d4-a716-446655440000", "import_source": "legacy_sheet_csv"}'::jsonb, '2026-07-08 07:47:02'::timestamptz),
  ('dc27c0b6-47e2-4ce5-8ca0-0fad3adc9dfd'::uuid, '550e8400-e29b-41d4-a716-446655440001'::uuid, 'aaa00000-e29b-41d4-a716-446655440000'::uuid, 'START', '2026-07-08 07:47:39'::timestamptz, '2026-07-08'::date, null, null, null, null, 'dc27c0b6-47e2-4ce5-8ca0-0fad3adc9dfd'::uuid, 'legacy-sheet-import', '{"legacy_photo_url": "https://drive.google.com/file/d/1Ptq0H9uSlmL6HJZ8CdJc4bK9lH02vWSI/view?usp=drivesdk", "legacy_tipo": "Inicio de Jornada", "legacy_location_id": "aaa0000-e29b-41d4-a716-446655440000", "import_source": "legacy_sheet_csv"}'::jsonb, '2026-07-08 07:47:39'::timestamptz),
  ('08502819-3c4a-4298-a051-2b0f47f2bfa8'::uuid, '550e8400-e29b-41d4-a716-446655440001'::uuid, 'aaa00000-e29b-41d4-a716-446655440000'::uuid, 'START', '2026-07-08 15:26:53'::timestamptz, '2026-07-08'::date, null, null, null, null, '08502819-3c4a-4298-a051-2b0f47f2bfa8'::uuid, 'legacy-sheet-import', '{"legacy_photo_url": "https://drive.google.com/file/d/1X-AqE5MqOlHnGWvfj8J_MPvnOvXBpcC4/view?usp=drivesdk", "legacy_tipo": "Inicio de Jornada", "legacy_location_id": "aaa0000-e29b-41d4-a716-446655440000", "import_source": "legacy_sheet_csv"}'::jsonb, '2026-07-08 15:26:53'::timestamptz),
  ('9756f317-3f29-4d20-9959-a8f0b3e07db4'::uuid, '550e8400-e29b-41d4-a716-446655440001'::uuid, 'aaa00000-e29b-41d4-a716-446655440000'::uuid, 'END', '2026-07-08 15:27:23'::timestamptz, '2026-07-08'::date, null, null, null, null, '9756f317-3f29-4d20-9959-a8f0b3e07db4'::uuid, 'legacy-sheet-import', '{"legacy_photo_url": "https://drive.google.com/file/d/1fUlFfbDe6ZgcIEkLfm2uAVcCcmsE5lUL/view?usp=drivesdk", "legacy_tipo": "Fin de Jornada", "legacy_location_id": "aaa0000-e29b-41d4-a716-446655440000", "import_source": "legacy_sheet_csv"}'::jsonb, '2026-07-08 15:27:23'::timestamptz),
  ('69987052-803a-41f0-bbe7-66e83260b1eb'::uuid, '550e8400-e29b-41d4-a716-446655440001'::uuid, 'aaa00000-e29b-41d4-a716-446655440000'::uuid, 'END', '2026-07-13 07:41:43'::timestamptz, '2026-07-13'::date, null, null, null, null, '69987052-803a-41f0-bbe7-66e83260b1eb'::uuid, 'legacy-sheet-import', '{"legacy_photo_url": "https://drive.google.com/file/d/1M16aFXlHLryXSq4rmBML_yGFTovgzAaO/view?usp=drivesdk", "legacy_tipo": "Fin de Jornada", "legacy_location_id": "aaa0000-e29b-41d4-a716-446655440000", "import_source": "legacy_sheet_csv"}'::jsonb, '2026-07-13 07:41:43'::timestamptz),
  ('290c3578-6ec0-485e-a672-4493b4a2d177'::uuid, '550e8400-e29b-41d4-a716-446655440001'::uuid, 'aaa00000-e29b-41d4-a716-446655440000'::uuid, 'START', '2026-07-13 07:42:16'::timestamptz, '2026-07-13'::date, null, null, null, null, '290c3578-6ec0-485e-a672-4493b4a2d177'::uuid, 'legacy-sheet-import', '{"legacy_photo_url": "https://drive.google.com/file/d/1F6_Alz5hjibd14HN2zDGYf4v8pqCkR6c/view?usp=drivesdk", "legacy_tipo": "Inicio de Jornada", "legacy_location_id": "aaa0000-e29b-41d4-a716-446655440000", "import_source": "legacy_sheet_csv"}'::jsonb, '2026-07-13 07:42:16'::timestamptz),
  ('2c34c082-f37b-41ff-b82f-ec21c4cb0802'::uuid, '550e8400-e29b-41d4-a716-446655440004'::uuid, 'aaa00000-e29b-41d4-a716-446655440000'::uuid, 'START', '2026-07-13 07:42:54'::timestamptz, '2026-07-13'::date, null, null, null, null, '2c34c082-f37b-41ff-b82f-ec21c4cb0802'::uuid, 'legacy-sheet-import', '{"legacy_photo_url": "https://drive.google.com/file/d/1uqhGv0oGl8fXfwQ-aJNCde546A_5lTOo/view?usp=drivesdk", "legacy_tipo": "Inicio de Jornada", "legacy_location_id": "aaa0000-e29b-41d4-a716-446655440000", "import_source": "legacy_sheet_csv"}'::jsonb, '2026-07-13 07:42:54'::timestamptz);

commit;
